ID,sequence
Q99653,MGSRASTLLRDEELEEIKKETGFSHSQITRLYSRFTSLDKGENGTLSREDFQRIPELAINPLGDRIINAFFPEGEDQVNF
O95406,MAFTFAAFCYMLALLLTAALIFFAIWHIIAFDELKTDYKNPIDQCNTLNPLVLPEYLIHAFFCVMFLCAAEWLTLGLNMP
A0A1B0GTU2,MEEPTPEPVYVDVDKGLTLACFVFLCLFLVVMIIRCAKVIMDPYSAIPTSTWEEQHLDD
P61073,MEGISIYTSDNYTEEMGSGDYDSMKEPCFREENANFNKIFLPTIYSIIFLTGIVGNGLVILVMGYQKKLRSMTDKYRLHL
Q9UBW8,MSAEVKVTGQNQEQFLLLAKSAKGAALATLIHQVLEAPGVYVFGELLDMPNVRELAESDFASTFRLLTVFAYGTYADYLA
P61604,MAGQAFRKFLPLFDRVLVERSAAETVTKGGIMLPEKSQGKVLQATVVAVGSGSKGKGGEIQPVSVKVGDKVLLPEYGGTK
Q8TBE1,MAFTFAAFCYMLSLVLCAALIFFAIWHIIAFDELRTDFKSPIDQCNPVHARERLRNIERICFLLRKLVLPEYSIHSLFCI
Q9P003,MEAVVFVFSLLDCCALIFLSVYFIITLSDLECDYINARSCCSKLNKWVIPELIGHTIVTVLLLMSLHWFIFLLNLPVATW
Q92600,MHSLATAAPVPTTLAQVDREKIYQWINELSSPETRENALLELSKKRESVPDLAPMLWHSFGTIAALLQEIVNIYPSINPP
P0DPH9,MAKVTSEPQKPNEDVDEQTPSTSSTKGRKKGKTPRQRRSRSGVKGLKTTRKAKRPLRGSSSQKAGETNTPAGKPKKARGP
P99999,MGDVEKGKKIFIMKCSQCHTVEKGGKHKTGPNLHGLFGRKTGQAPGYSYTAANKNKGIIWGEDTLMEYLENPKKYIPGTK
Q9UBT7,MAASPGPAGVGGAGAVYGSGSSGFALDSGLEIKTRSVEQTLLPLVSQITTLINHKDNTKKSDKTLQAIQRVGQAVNLAVG
Q9BZC1,MYIKMATLANGQADNASLSTNGLGSSPGSAGHMNGLSHSPGNPSTIPMKDHDAIKLFIGQIPRNLDEKDLKPLFEEFGKI
Q8N1G2,MKRRTDPECTAPIKKQKKRVAELALSLSSTSDDEPPSSVSHGAKASTTSLSGSDSETEGKQHSSDSFDDAFKADSLVEGT
Q99439,MSSTQFNKGPSYGLSAEVKNRLLSKYDPQKEAELRTWIEGLTGLSIGPDFQKGLKDGTILCTLMNKLQPGSVPKINRSMQ
Q6PUV4,MDFVMKQALGGATKDMGKMLGGEEEKDPDAQKKEEERQEALRQQEEERKAKHARMEAEREKVRQQIRDKYGLKKKEEKEA
A0A140G945,-1
Q9P013,MTTAARPTFEPARGGRGKGEGDLSQLSKQYSSRDLPSHTKIKYRQTTQDAPEEVRNRDFRRELEERERAAAREKNRDRPT
Q9H2H0,MHHRNDSQRLGKAGCPPEPSLQMANTNFLSTLSPEHCRPLAGECMNKLKCGAAEAEIMNLPERVGTFSAIPALGGISLPP
Q9UIV1,MPAATVDHSQRICEVWACNLDEEMKKIRQVIRKYNYVAMDTEFPGVVARPIGEFRSNADYQYQLLRCNVDLLKIIQLGLT
Q9NPA8,MVVSKMNKDAQMRAAINQKLIETGERERLKELLRAKLIECGWKDQLKAHCKEVIKEKGLEHVTVDDLVAEITPKGRALVP
P61579,MNPSEMQRKAPPRRRRHRNRAPLTHKMNKMVTSEEQMKLPSTKKAEPPTWAQLKKLTQLATKYLENTKVTQTPESMLLAA
Q3ZM63,MDKEVPKGSPREPALNIKKSDKSFKRKKPTENVLIFLINRQLGRHRSDIDLSRWVWMLS
Q9NRF9,MAERPEDLNLPNAVITRIIKEALPDGVNISKEARSAISRAASVFVLYATSCANNFAMKGKRKTLNASDVLSAMEEMEFQR
Q9Y281,MASGVTVNDEVIKVFNDMKVRKSSTQEEIKKRKKAVLFCLSDDKRQIIVEEAKQILVGDIGDTVEDPYTSFVKLLPLNDC
Q9UKR5,MSRFLNVLRSWLVMVSIIAMGNTLQSFRDHTFLYEKLYTGKPNLVNGLQARTFGIWTLLSSVIRCLCAIDIHNKTLYHIT
Q9UPC5,MRSHTITMTTTSVSSWPYSSHRMRFITNHSDQPPQNFSATPNVTTCPMDEKLLSTVLTTSYSVIFIVGLVGNIIALYVFL
P84090,MSHTILLVQPTKRPEGRTYADYESVNECMEGVCKMYEEHLKRMNPNSPSITYDISQLFDFIDDLADLSCLVYRADTQTYQ
P0CJ86,MALPTPSDSTLPAEARGRGRRRRLVWTPSQSEALRACFERNPYPGIATRERLAQAIGIPEPRVQIWFQNERSRQLRQHRR
P0CJ88,MALPTPSDSTLPAEARGRGRRRRLVWTPSQSEALRACFERNPYPGIATRERLAQAIGIPEPRVQIWFQNERSRQLRQHRR
Q9H4M9,MFSWVSKDARRKKEPELFQTVAEGLRQLYAQKLLPLEEHYRFHEFHSPALEDADFDNKPMVLLVGQYSTGKTTFIRHLIE
Q8N9N8,MSQATKRKHVVKEVLGEHIVPSDQQQIVRVLRTPGNNLHEVETAQGQRFLVSMPSKYRKNIWIKRGDFLIVDPIEEGEKV
P0CL80,MSWRGRSTYYWPRPRRYVQPPEMIGPMRPEQFSDEVEPATPEEGEPATQRQDPAAAQEGEDEGASAGQGPKPEAHSQEQG
P0CL82,MSWRGRSTYYWPRPRRYVQPPEMIGPMRPEQFSDEVEPATPEEGEPATQRQDPAAAQEGEDEGASAGQGPKPEAHSQEQG
Q9H0R8,MKFQYKEDHPFEYRKKEGEKIRKKYPDRVPVIVEKAPKARVPDLDKRKYLVPSDLTVGQFYFLIRKRIHLRPEDALFFFV
P63167,MCDRKAVIKNADMSEEMQQDSVECATQALEKYNIEKDIAAHIKKEFDKKYNPTWHCIVGRNFGSYVTHETKHFIYFYLGQ
Q96JC9,MNGTANPLLDREEHCLRLGESFEKRPRASFHTIRYDFKPASIDTSCEGELQVGKGDEVTITLPHIPGSTPPMTVFKGNKR
Q13838,MAENDVDNELLDYEDDEVETAAGGDGAEAPAKKDVKGSYVSIHSSGFRDFLLKPELLRAIVDCGFEHPSEVQHECIPQAI
O96015,MGETEGKKDEADYKRLQTFPLVRHSDMPEEMRVETMELCVTACEKFSNNNESAAKMIKETMDKKFGSSWHVVIGEGFGFE
Q96FJ2,MSDRKAVIKNADMSEDMQQDAVDCATQAMEKYNIEKDIAAYIKKEFDKKYNPTWHCIVGRNFGSYVTHETKHFIYFYLGQ
P63172,MEDYQAAEETAFVVDEVSNIVKEAIESAIGGNAYQHSKVNQWTTNVVEQTLSQLTKLGKPFKYIVTCVIMQKNGAGLHTA
P0CJ89,MALPTPSDSTLPAEARGRGRRRRLVWTPSQSEALRACFERNPYPGIATRERLAQAIGIPEPRVQIWFQNERSRQLRQHRR
P0CJ90,MALPTPSDSTLPAEARGRGRRRRLVWTPSQSEALRACFERNPYPGIATRERLAQAIGIPEPRVQIWFQNERSRQLRQHRR
P0DMU4,MVSSKGLWKERPSAHTSECFSTTACPVAFILLVWNSQTPAGLQSLCTGRHPSLSARAQRAGPRASREEGTFWTERVGQER
P0DMU5,MVSSKGLWKERPSAHTSECFSTTACPVAFILLVWNSQTPAGLQSLCTGRHPSLSARAQRAGPRASREEGTFWTERVGQER
A0A1B0GV22,MIFTPFLPPADLSVFQNVKGLQNDPEEWVAVSDATEDPSGGTGLPREPALLRGSWRSRFQRALACFTKCFRGGYRALGI
A6NE21,-1
Q9H0Q0,MGNLLKVLTREIENYPHFFLDFENAQPTEGEREIWNQISAVLQDSESILADLQAYKGAGPEIRDAIQNPNDIQLQEKAWN
Q9NUQ9,MGNLLKVLTCTDLEQGPNFFLDFENAQPTESEKEIYNQVNVVLKDAEGILEDLQSYRGAGHEIREAIQHPADEKLQEKAW
P0DP71,MIFTPFLPPADLSVFQNVKGPQKDPEELVAVSDTAEDPSSGTGLPREPALLRGSWRSRFQRALACFIKCFRGGYRALGI
P0DPQ4,MPRFASPLLRNVIIRSQFDGIKRKQCLQYLKTLRTLQYDGFKTVYFGETNIPESLVTGEDISDGYFIQTPTWCIVHAAGS
P0C0S5,MAGGKAGKDSGKAKTKAVSRSQRAGLQFPVGRIHRHLKSRTTSHGRVGATAAVYSAAILEYLTAEVLELAGNASKDLKVK
Q15369,MDGEEKTYGGCEGPDAMYVKLISSDGHEFIVKREHALTSGTIKAMLSGPGQFAENETNEVNFREIPSHVLSKVCMYFTYK
P60002,MGRRKSKRKPPPKKKMTGTLETQFTCPFCNHEKSCDVKMDRARNTGVISCTVCLEEFQTPITYLSEPVDVYSDWIDACEA
A6NEW6,-1
Q9Y421,MEAYEQVQKGPLKLKGVAELGVTKRKKKKKDKDKAKLLEAMGTSKKNEEEKRRGLDKRTPAQAAFEKMQEKRQMERILKK
Q9NX38,MATEPEAAEPVVPSLVDRYFTRWYKPDVKGKFCEDHCILQHSNRICVITLAESHPVLQSGKTIKSISYQISTNCSRLQNK
Q5T7M9,MARSLCPGAWLRKPYYLQARFSYVRMKYLFFSWLVVFVGSWIIYVQYSTYTELCRGKDCKKIICDKYKTGVIDGPACNSL
Q92567,MNPVYSPVQPGAPYGNPKNMAYTGYPTAYPAAAPAYNPSLYPTNSPSYAPEFQFLHSAYATLLMKQAWPQNSSSCGTEGT
P62805,MSGRGKGGKGLGKGGAKRHRKVLRDNIQGITKPAIRRLARRGGVKRISGLIYEETRGVLKVFLENVIRDAVTYTEHAKRK
Q9HAV7,MAAQCVRLARRSLPALALSLRPSPRLLCTATKQKNSGQNLEEDMGQSEQKADPPATEKTLLEEKVKLEEQLKETVEKYKR
Q9UNS2,MASALEQFVNSVRQLSAQGQMTQLCELINKSGELLAKNLSHLDTVLGALDVQEHSLGVLAVLFVKFSMPSVPDFETLFSQ
Q8WXC6,MKPAVDEMFPEGAGPYVDLDEAGGSTGLLMDLAANEKAVHADFFNDFEDLFDDDDIQ
P0DMV2,MTDKTEKVAVDPETVFKRPRECDSPSYQKRQRMALLARKQGAGDSLIAGSAMSKEKKLMTGHAIPPSQLDSQIDDFTGFS
P0DMU8,MTDKTEKVAVDPETVFKRPRECDSPSYQKRQRMALLARKQGAGDSLIAGSAMSKEKKLMTGHAIPPSQLDSQIDDFTGFS
Q8NEP4,-1
P0DMV0,MTDKTEKVAVDPETVFKRPRECDSPSYQKRQRMALLARKQGAGDSLIAGSAMSKEKKLMTGHAIPPSQLDSQIDDFTGFS
O15320,-1
Q5DJT8,MTDKTEKVAVDPETVFKRPRECDSPSYQKRQRMALLARKQGAGDSLIAGSAMSKEKKLMTGHAIPPSQLDSQIDDFTGFS
Q9BTE1,MELGELLYNKSEYIETASGNKVSRQSVLCGSQNIVLNGKTIVMNDCIIRGDLANVRVGRHCVVKSRSVIRPPFKKFSKGV
Q6ZRR9,-1
P0DP74,MKLHSLISVLLLFVTLIPKGKTGVIPGQKQCIALKGVCRDKLCSTLDDTIGICNEGKKCCRRWWILEPYPTPVPKGKSP
Q6ZMK1,-1
P0DP24,MADQLTEEQIAEFKEAFSLFDKDGDGTITTKELGTVMRSLGQNPTEAELQDMINEVDADGNGTIDFPEFLTMMARKMKDT
P47756,MSDQQLDCALDLMRRLPPQQIEKNLSDLIDLVPSLCEDLLSSVDQPLKIARDKVVGKDYLLCDYNRDGDSYRSPWSNKYD
Q9NRR3,MSEFWLCFNCCIAEQPQPKRRRRIDRSMIGEPTNFVHTAHVGSGDLFSGMNSVSSIQNQMQSKGGYGGGMPANVQMQLVD
P86791,MAAAAAGAGSGPWAAQEKQFPPALLSFFIYNPRFGPREGQEENKILFYHPNEVEKNEKIRNVGLCEAIVQFTRTFSPSKP
P60953,MQTIKCVVVGDGAVGKTCLLISYTTNKFPSEYVPTVFDNYAVTVMIGGEPYTLGLFDTAGQEDYDRLRPLSYPQTDVFLV
P47755,MADLEEQLSDEEKVRIAAKFIIHAPPGEFNEVFNDVRLLLNNDNLLREGAAHAFAQYNLDQFTPVKIEGYEDQVLITEHG
Q30KQ4,MSVMKPCLMTIAILMILAQKTPGGLFRSHNGKSREPWNPCELYQGMCRNACREYEIQYLTCPNDQKCCLKLSVKITSSKN
P59894,-1
Q8N688,MKLLLLTLTVLLLLSQLTPGGTQRCWNLYGKCRYRCSKKERVYVYCINNKMCCVKPKYQPKERWWPF
Q9NTK1,MRSRLLLSVAHLPTIRETTEEMLLGGPGQEPPPSPSLDDYVRSISRLAQPTSVLDKATAQGQPRPPHRPAQACRKGRPAV
Q9UBS4,MAPQNLSTFCLLLLYLIGAVIAGRDFYKILGVPRSASIKDIKKAYRKLALQLHPDRNPDDPQAQEKFQDLGAAYEVLSDS
Q9GZP9,MAYQSLRLEYLQIPPVSRAYTTACVLTTAAVQLELITPFQLYFNPELIFKHFQIWRLITNFLFFGPVGFNFLFNMIFLYR
Q9BW61,MADFLKGLPVYNKSNFSRFHADSVCKASNRRPSVYLPTREYPSEQIIVTEKTNILLRYLHQQWDKKNAAKKRDQEQVELE
P60520,MKWMFKEDHSLEHRCVESAKIRAKYPDRVPVIVEKVSGSQIVDIDKRKYLVPSDITVAQFMWIIRKRIQLPSEKAIFLFV
Q8N9I9,MSFVLSRMAACGGTCKNKVTVSKPVWDFLSKETPARLARLREEHRVSILIDGETSDIYVLQLSPQGPPPAPPNGLYLARK
P62873,MSELDQLRQEAEQLKNQIRDARKACADATLSQITNNIDPVGRIQMRTRRTLRGHLAKIYAMHWGTDSRLLVSASQDGKLI
P62879,MSELEQLRQEAEQLRNQIRDARKACGDSTLTQITAGLDPVGRIQMRTRRTLRGHLAKIYAMHWGTDSRLLVSASQDGKLI
P47870,MWRVRKRGYFGIWSFPLIIAAVCAQSVNDPSNMSLVKETVDRLLKGYDIRLRPDFGGPPVAVGMNIDIASIDMVSEVNMD
Q8N0T1,MAKNKLRGPKSRNVFHIASQKNFKAKNKAKPVTTNLKKINIMNEEKVNRVNKAFVNVQKELAHFAKSISLEPLQKELIPQ
Q9Y295,MSSTLAKIAEIEAEMARTQKNKATAHHLGLLKARLAKLRRELITPKGGGGGGPGEGFDVAKTGDARIGFVGFPSVGKSTL
Q9BT78,MAAAVRQDLAQLMNSSGSHKDLAGKYRQILEKAIQLSGAEQLEALKAFVEAMVNENVSLVISRQLLTDFCTHLPNLPDST
P0DPI3,MGRVRNRATAQRRRRKRPGDPPAACAAIAVTGASRAQCPRVQVGVGSHAAAKRWLGRWRRKRRWRRVRKAGPRDLLPSAP
Q9GZU0,MGDPNSRKKQALNRLRAQLRKKKESLADQFDFKMYIAFVFKEKKKKSALFEVSEVIPVMTNNYEENILKGVRDSSYSLES
P68400,MSGPVPSRARVYTDVNTHRPREYWDYESHVVEWGNQDDYQLVRKLGRGKYSEVFEAINITNNEKVVVKILKPVKKKKIKR
P67870,MSSSEEVSWISWFCGLRGNEFFCEVDEDYIQDKFNLTGLNEQVPHYRQALDMILDLEPDEELEDNPNQSDLIEQAAEMLY
Q6ZP98,-1
Q9P0I2,MAGPELLLDSNIRLWVVLPIVIITFFVGMIRHYVSILLQSDKKLTQEQVSDSQVLIRSRVLRENGKYIPKQSFLTRKYYF
Q9NWB6,MGRSRSRSSSRSKHTKSSKHNKKRSRSRSRSRDKERVRKRSKSRESKRNRRRESRSRSRSTNTAVSRRERDRERASSPPD
Q8N104,MRTFLFLFAVLFFLTPAKNAFFDEKCNKLKGTCKNNCGKNEELIALCQKSLKCCRTIQPCGSIID
Q9H1M3,MKLLFPIFASLMLQYQVNTEFIGLRRCLMGLGRCRDHCNVDEKEIQKCKMKKCCVGPKVVKLIKNYLQYGTPNVLNEDVQ
Q8WTQ1,MQRLVLLLAISLLLYQDLPVRSEFELDRICGYGTARCRKKCRSQEYRIGRCPNTYACCLRKWDESLLNRTKP
P81534,MRIHYLLFALLFLFLVPVPGHGGIINTLQKYYCRVRGGRCAVLSCLPKEEQIGKCSTRGRKCCRRKK
P0CL81,MSWRGRSTYYWPRPRRYVQPPEMIGPMRPEQFSDEVEPATPEEGEPATQRQDPAAAQEGEDEGASAGQGPKPEAHSQEQG
Q9BWF3,MVKLFIGNLPREATEQEIRSLFEQYGKVLECDIIKNYGFVHIEDKTAAEDAIRNLHHYKLHGVNINVEASKNKSKTSTKL
Q9Y5S9,MADVLDLHEAGGEDFAMDEDGDESIHKLKEKAKKRKGRGFGSEEGSRARMREDYDSVEQDGDEPGPQRSVEGWILFVTGV
Q9Y3L5,MREYKVVVLGSGGVGKSALTVQFVTGTFIEKYDPTIEDFYRKEIEVDSSPSVLEILDTAGTEQFASMRDLYIKNGQGFIL
P61224,MREYKLVVLGSGGVGKSALTVQFVQGIFVEKYDPTIEDSYRKQVEVDAQQCMLEILDTAGTEQFTAMRDLYMKNGQGFAL
Q9H0U4,MNPEYDYLFKLLLIGDSGVGKSCLLLRFADDTYTESYISTIGVDFKIRTIELDGKTIKLQIWDTAGQERFRTITSSYYRG
Q96H35,MEAETKTLPLENASILSEGSLQEGHRLWIGNLDPKITEYHLLKLLQKFGKVKQFDFLFHKSGALEGQPRGYCFVNFETKQ
Q9NW64,MATSLGSNTYNRQNWEDADFPILCQTCLGENPYIRMTKEKYGKECKICARPFTVFRWCPGVRMRFKKTEVCQTCSKLKNV
O60828,MPLPVALQTRLAKRGILKHLEPEPEEEIIAEDYDDDPVDYEATRLEGLPPSWYKVFDPSCGLPYYWNADTDLVSWLSPHD
P0C6T2,MITDVQLAIFANMLGVSLFLLVVLYHYVAVNNPKKQE
O00231,MAAAAVVEFQRAQSLLSTDREASIDILHSIVKRDIQENDEEAVQVKEQSILELGSLLAKTGQAAELGGLLKYVRPFLNSI
P30050,MPPKFDPNEIKVVYLRCTGGEVGATSALAPKIGPLGLSPKKVGDDIAKATGDWKGLRITVKLTIQNRQAQIEVVPSASAL
P86496,MEEPRPSKRLRSMAPNQASGGPPPEPGCCVADPEGSVEADGPAQPAQPAKPIAYVKPFRRQPPARPESPPPAERGRRRGG
P86481,MEEPRPSKRLRSMAPNQASGGPPPEPGCCVADPEGSVEADGPAQPAQPAKPIAYVKPFRRQPPARPESPPPAERGRRRGG
P86479,MEEPRPSKRLRSMAPNQASGGPPPEPGCCVADPEGSVEADGPAQPAQPAKPIAYVKPFRRQPPARPESPPPAERGRRRGG
P86480,MEEPRPSKRLRSMAPNQASGGPPPEPGCCVADPEGSVEADGPAQPAQPAKPIAYVKPFRRQPPARPESPPPAERGRRRGG
Q8NAV1,MANRTVKDAHSIHGTNPQYLVEKIIRTRIYESKYWKEECFGLTAELVVDKAMELRFVGGVYGGNIKPTPFLCLTLKMLQI
P62195,MALDGPEQMELEEGKAGSGLRQYYLSKIEELQLIVNDKSQNLRRLQAQRNELNAKVRLLREELQLLQEQGSYVGEVVRAM
P62280,MADIQTERAYQKQPTIFQNKKRVLLGETGKEKLPRYYKNIGLGFKTPKEAIEGTYIDKKCPFTGNVSIRGRILSGVVTKM
Q96P16,MSAFSEAALEKKLSELSNSQQSVQTLSLWLIHHRKHSRPIVTVWERELRKAKPNRKLTFLYLANDVIQNSKRKGPEFTKD
P61011,MVLADLGRKITSALRSLSNATIINEEVLNAMLKEVCTALLEADVNIKLVKQLRENVKSAIDLEEMASGLNKRKMIQHAVF
P62304,MAYRGQGQKVQKVMVQPINLIFRYLQNRSRIQVWLYEQVNMRIEGCIIGFDEYMNLVLDDAEEIHSKTKSRKQLGRIMLK
Q9UBE0,MVEKEEAGGGISEEEAAQYDRQIRLWGLEAQKRLRASRVLLVGLKGLGAEIAKNLILAGVKGLTMLDHEQVTPEDPGAQF
O75396,MVLLTMIARVADGLPLAASMQEDEQSGRDLQQYQSQAKQLFRKLNEQSPTRCTLEAGAMTFHYIIEQGVCYLVLCEAAFP
P09234,MPKFYCDYCDTYLTHDSPSVRKTHCSGRKHKENVKDYYQKWMEEQAQSLIDKTTAAFQQGKIPPTPFSAPPPAGAMIPPP
P60468,MPGPTPSGTNVGSSGRSPSKAVAARAAGSTVRQRKNASCGTRSAGRTTSAGTGGMWRFYTEDSPGLKVGPVPVLVMSLLF
Q9NR31,MSFIFEWIYNGFSSVLQFLGLYKKSGKLVFLGLDNAGKTTLLHMLKDDRLGQHVPTLHPTSEELTIAGMTFTTFDLGGHE
Q8IVJ1,MSSKPEPKDVHQLNGTGPSASPCSSDGPGREPLAGTSEFLGPDGAGVEVVIESRANAKGVREEDALLENGSQSNESDDVS
P62269,MSLVIPEKFQHILRVLNTNIDGRRKIAFAITAIKGVGRRYAHVVLRKADIDLTKRAGELTEDEVERVITIMQNPRQYKIP
P62081,MFSSSAKIVKPNGEKPDEFESGISQALLELEMNSDLKAQLRELNITAAKEIEVGGGRKAIIIFVPVPQLKSFQKIQVRLV
Q96BR1,MQRDHTMDYKESCPSVSIPSSDEHREKKKRFTVYKVLVSVGRSEWFVFRRYAEFDKLYNTLKKQFPAMALKIPAKRIFGD
Q9Y657,MKTPFGKTPGQRSRADAGHAGVSANMMKKRTSHKKHRSSVGPSKPVSQPRRNIVGCRIQHGWKEGNGPVTQWKGTVLDQV
P61218,MSDNEDNFDGDDFDDVEEDEGLDDLENAEEEGQENVEILPSGERPQANQKRITTPYMTKYERARVLGTRALQIAMCAPVM
Q9P1U0,MSVMDLANTCSSFQSDLDFCSDCGSVLPLPGAQDTVTCIRCGFNINVRDFEGKVVKTSVVFHQLGTAMPMSVEEGPECQG
Q9Y3U8,MALRYPMAVGLNKGHKVTKNVSKPRHSRRRGRLTKHTKFVRDMIREVCGFAPYERRAMELLKVSKDKRALKFIKKRVGTH
Q9UQE7,MYIKQVIIQGFRSYRDQTIVDPFSSKHNVIVGRNGSGKSNFFYAIQFVLSDEFSHLRPEQRLALLHEGTGPRVISAFVEI
Q7L523,MPNTAMKKKVLLMGKSGSGKTSMRSIIFANYIARDTRRLGATIDVEHSHVRFLGNLVLNLWDCGGQDTFMENYFTSQRDN
P83881,MVNVPKTRRTFCKKCGKHQPHKVTQYKKGKDSLYAQGKRRYDRKQSGYGGQTKPIFRKKAKTTKKIVLRLECVEPNCRSK
P61353,MGKFMKPGKVVLVLAGRYSGRKAVIVKNIDDGTSDRPYSHALVAGIDRYPRKVTAAMGKKKIAKRSKIKSFVKVYNYNHL
P84098,MSMLRLQKRLASSVLRCGKKKVWLDPNETNEIANANSRQQIRKLIKDGLIIRKPVTVHSRARCRKNTLARRKGRHMGIGK
P62249,MPSKGPLQSVQVFGRKKTATAVAHCKRGNGLIKVNGRPLEMIEPRTLQYKLLEPVLLLGKERFAGVDIRVRVKGGGHVAQ
Q9Y3C5,MGNCLKSPTSDDISLLHESQSDRASFGEGTEPDQEPPPPYQEQVPVPVYHPTPSQTRLATQLTEEEQIRIAQRIGLIQHL
P46781,MPVARSWVCRKTYVTPRRPFEKSRLDQELKLIGEYGLRNKREVWRVKFTLAKIRKAARELLTLDEKDPRRLFEGNALLRR
Q9Y224,MFRRKLTALDYHNPAGFNCKDETEFRNFIVWLEDQKIRHYKIEDRGNLRNIHSSDWPKFFEKYLRDVNCPFKIQDRQEAI
P62987,MQIFVKTLTGKTITLEVEPSDTIENVKAKIQDKEGIPPDQQRLIFAGKQLEDGRTLSDYNIQKESTLHLVLRLRGGIIEP
Q9H871,MDQCVTVERELEKVLHKFSGYGQLCERGLEELIDYTGGLKHEILQSHGQDAELSGTLSLVLTQCCKRIKDTVQKLASDHK
Q8WVD5,MGQQISDQTQLVINKLPEKVAKHVTLVRESGSLTYEEFLGRVAELNDVTAKVASGQEKHLLFEVQPGSDSSAFWKVVVRV
Q9NX20,MWRLLARASAPLLRVPLSDSWALLPASAGVKTLLPVPSFEDVSIPEKPKLRFIERAPLVPKVRREPKNLSDIRGPSTEAT
Q9Y3A5,MSIFTPTNQIRLTNVAVVRMKRAGKRFEIACYKNKVVGWRSGVEKDLDEVLQTHSVFVNVSKGQVAKKEDLISAFGTDDQ
Q9H4P4,MGYDVTRFQGDVDEDLICPICSGVLEEPVQAPHCEHAFCNACITQWFSQQQTCPVDRSVVTVAHLRPVPRIMRNMLSKLQ
Q96E16,MAGGYGVMGDDGSIDYTVHEAWNEATNVYLIVILVSFGLFMYAKRNKRRIMRIFSVPPTEETLSEPNFYDTISKIRLRQQ
P0DPR3,-1
Q9NRC1,MAEAATGFLEQLKSCIVWSWTYLWTVWFFIVLFLVYILRVPLKINDNLSTVSMFLNTLTPKFYVALTGTSSLISGLILIF
P61764,MAPIGLKAVVGEKIMHDVIKKVKKKGEWKVLVVDQLSMRMLSSCCKMTDIMTEGITIVEDINKRREPLPSLEAVYLITPS
P61956,MADEKPKEGVKTENNDHINLKVAGQDGSVVQFKIKRHTPLSKLMKAYCERQGLSMRQIRFRFDGQPINETDTPAQLEMED
P61009,MNTVLSRANSLFAFSLSVMAALTFGCFITTAFKDRSVPVRLHVSRIMLKNVEDFTGPRERSDLGFITFDITADLENIFDW
Q9NZ72,MASTISAYKEKMKELSVLSLICSCFYTQPHPNTVYQYGDMEVKQLDKRASGQSFEVILKSPSDLSPESPMLSSPPKKKDT
Q9H169,MTLAAYKEKMKELPLVSLFCSCFLADPLNKSSYKYEADTVDLNWCVISDMEVIELNKCTSGQSFEVILKPPSFDGVPEFN
Q8NHG7,MGLCFPCPGESAPPTPDLEEKRAKLAEAAERRQKEAASRGILDVQSVQEKRKKKEKIEKQIATSGPPPEGGLRWTVS
P0DMN0,MELIQDTSRPPLEYVKGVPLIKYFAEALGPLQSFQARPDDLLINTYPKSGTTWVSQILDMIYQGGDLEKCNRAPIYVRVP
Q93045,MAKTAMAYKEKMKELSMLSLICSCFYPEPRNINIYTYDDMEVKQINKRASGQAFELILKPPSPISEAPRTLASPKKKDLS
Q01081,MAEYLASIFGTEKDKVNCSFYFKIGACRHGDRCSRLHNKPTFSQTIALLNIYRNPQNSSQSADGLRCAVSDVEMQEHYDE
P62328,MSDKPDMAEIEKFDKSKLKKTETQEKNPLPSKETIEQEKQAGES
P67809,MSSEAETQQPPAAPPAAPALSAADTKPGTTGSGAGSGGPGGLTSAAPAGGDKKVIATKVLGTVKWFNVRNGYGFINRNDT
Q9Y5K8,MSGKDRIEIFPSRMAQTIMKARLKGAQTGRNLLKKKSDALTLRFRQILKKIIETKMLMGEVMREAAFSLAEAKFTAGDFS
P51668,MALKRIQKELSDLQRDPPAHCSAGPVGDDLFHWQATIMGPPDSAYQGGVFFLTVHFPTDYPFKPPKIAFTTKIYHPNINS
Q86SZ2,MADEALFLLLHNEMVSGVYKSAEQGEVENGRCITKLENMGFRVGQGLIERFTKDTARFKDELDIMKFICKDFWTTVFKKQ
Q8WVY7,MALPIIVKWGGQEYSVTTLSEDDTVLDLKQFLKTLTGVLPERQKLLGLKVKGKPAENDVKLGALKLKPNTKIMMMGTREE
Q9Y5U9,MAFTLYSLLQAALLCVNAIAVLHEERFLKNIGWGTDQGIGGFGEEPGIKSQLMNLIRSVRTVMRVPLIIVNSIAIVLLLL
Q9NX55,MATEGDVELELETETSGPERPPEKPRKHDSGAADLERVTDYAEEKEIQSSNLETAMSVIGDRRSREQKAKQEREKELAKV
Q9BYC5,MRPWTGSWRWIMLILFAWGTLLFYIGGHLVRDNDHPDHSSRELSKILAKLERLKQQNEDLRRMAESLRIPEGPIDQGPAI
Q96IG2,MRRDVNGVTKSRFEMFSNSDEAVINKKLPKELLLRIFSFLDVVTLCRCAQVSRAWNVLALDGSNWQRIDLFDFQRDIEGR
Q9Y231,MTSTSKGILRPFLIVCIILGCFMACLLIYIKPTNSWIFSPMESASSVLKMKNFFSTKTDYFNETTILVWVWPFGQTFDLT
Q9Y324,MGKQKKTRKYATMKRMLSLRDQRLKEKDRLKPKKKEKKDPSALKEREVPQHPSCLFFQYNTQLGPPYHILVDTNFINFSI
B3EWG6,MLGGLGKLAAEGLAHRTEKATEGAIHAVEEVVKEVVGHAKETGEKAIAEAIKKAQESGDKKMKEITETVTNTVTNAITHA
Q719H9,MSRPLITRSPASPLNNQGIPTPAQLTKSNAPVHIDVGGHMYTSSLATLTKYPESRIGRLFDGTEPIVLDSLKQHYFIDRD
P0DMP1,MAPRGFSCLLLSTSEIDLPVKRRA
Q8N257,MPDPSKSAPAPKKGSKKAVTKAQKKDGKKRKRGRKESYSIYVYKVLKQVHPDTGISSKAMGIMNSFVNDIFERIASEASR
P09429,MGKGDPKKPRGKMSSYAFFVQTCREEHKKKHPDASVNFSEFSKKCSERWKTMSAKEKGKFEDMAKADKARYEREMKTYIP
P0DMV9,MAKAAAIGIDLGTTYSCVGVFQHGKVEIIANDQGNRTTPSYVAFTDTERLIGDAAKNQVALNPQNTVFDAKRLIGRKFGD
P11142,MSKGPAVGIDLGTTYSCVGVFQHGKVEIIANDQGNRTTPSYVAFTDTERLIGDAAKNQVAMNPTNTVFDAKRLIGRRFDD
Q30201,MGPRARPALLLLMLLQTAVLQGRLLRSHSLHYLFMGASEQDLGLSLFEALGYVDDQLFVFYDHESRRVEPRTPWVSSRIS
P61296,MSLVGGFPHHPVVHHEGYPFAAAAAAAAAAAASRCSHEENPYFHGWLIGHPEMSPPDYSMALSYSPEYASGAAGLDHSHY
Q9Y241,MSTDTGVSLPSYEEDQGSKLIRKAKEAPFVPVGIAGFAAIVAYGLYKLKSRGNTKMSIHLIHMRVAAQGFVVGAMTVGMG
P69891,MGHFTEEDKATITSLWGKVNVEDAGGETLGRLLVVYPWTQRFFDSFGNLSSASAIMGNPKVKAHGKKVLTSLGDAIKHLD
P69892,MGHFTEEDKATITSLWGKVNVEDAGGETLGRLLVVYPWTQRFFDSFGNLSSASAIMGNPKVKAHGKKVLTSLGDAIKHLD
P0DOY5,-1
Q9NZD2,MALLAEHLLKPLPADKQIETGPFLEAVSHLPPFFDCLGSPVFTPIKADISGNITKIKAVYDTNPAKFRTLQNILEVEKEM
P63211,MPVINIEDLTEKDKLKMEVDQLKKEVTLERMLVSKCCEEVRDYVEERSGEDPLVKGIPEDKNPFKELKGGCVIS
Q9NWM8,MRLFLWNAVLTLFVTSLIGALIPEPEVKIEVLQKPFICHRKTKGGDLMLVHYEGYLEKDGSLFHSTHKHNNGQPIWFTLG
B3EWG5,MLGGLGKLAAEGLAHRTEKATEGAIHAVEEVVKEVVGHAKETGEKAIAEAIKKAQESGDKKMKEITETVTNTVTNAITHA
Q92913,MAAAIASSLIRQKRQAREREKSNACKCVSSPSKGKTSCDKNKLNVFSRVKLFGSKKRRRRRPEPQLKGIVTKLYSRQGYH
P58876,MPEPTKSAPAPKKGSKKAVTKAQKKDGKKRKRSRKESYSVYVYKVLKQVHPDTGISSKAMGIMNSFVNDIFERIAGEASR
Q71DI3,MARTKQTARKSTGGKAPRKQLATKAARKSAPATGGVKKPHRYRPGTVALREIRRYQKSTELLIRKLPFQRLVREIAQDFK
P61328,MAAAIASSLIRQKRQARESNSDRVSASKRRSSPSKDGRSLCERHVLGVFSKVRFCSGRKRPVRRRPEPQLKGIVTRLFSQ
Q9UM19,MGKTNSKLAPEVLEDLVQNTEFSEQELKQWYKGFLKDCPSGILNLEEFQQLYIKFFPYGDASKFAQHAFRTFDKNGDGTI
Q9UJY1,MADGQMPFSCHYPSRLRRDPFRDSPLSSRLLDDGFGMDPFPDDLTASWPDWALPRLSSAWPGTLRSGMVPRGPTATARFG
P0DP03,MEFGLSWVFLVALLRGVQCQVQLVESGGGVVQPGRSLRLSCAASGFTFSSYGMHWVRQAPGKGLEWVAVISYDGSNKYYA
P0DMR1,MASNVTNKMDPHSMNSRVFIGNLNTLVVKKSDVEAIFSKYGKIAGCSVHKGFAFVQYDKEKNARAAVAGEDGRMIASQVV
Q9GZV4,MADEIDFTTGDAGASSTYPMQCSALRKNGFVVLKGRPCKIVEMSTSKTGKHGHAKVHLVGIDIFTGKKYEDICPSTHNMD
P48730,MELRVGNRYRLGRKIGSGSFGDIYLGTDIAAGEEVAIKLECVKTKHPQLHIESKIYKMMQGGVGIPTIRWCGAEGDYNVM
Q9Y287,MVKVTFNSALAQKEAKKDEPKSGEEALIIPPDAVAVDCKDPDDVVPVGQRRAWCWCMCFGLAFMLAGVILGGAYLYKYFA
Q9HCE5,MDSRLQEIRERQKLRRQLLAQQLGAESADSIGAVLNSKDEQREIAETRETCRASYDTSAPNAKRKYLDEGETDEDKMEEY
Q6NYC1,MNHKSKKRIREAKRSARPELKDSLDWTRHNYYESFSLSPAAVADNVERADALQLSVEEFVERYERPYKPVVLLNAQEGWS
Q96E35,MTDFKLGIVRLGRVAGKTKYTLIDEQDIPLVESYSFEARMEVDADGNGAKIFAYAFDKNRGRGSGRLLHELLWERHRGGV
Q8IVQ6,MGLRIHFVVDPHGWCCMGLIVFVWLYNIVLIPKIVLFPHYEEGHIPGILIIIFYGISIFCLVALVRASITDPGRLPENPK
Q9NPA5,-1
Q12974,MNRPAPVEISYENMRFLITHNPTNATLNKFTEELKKYGVTTLVRVCDATYDKAPVEKEGIHVLDWPFDDGAPPPNQIVDD
Q96DA6,MASTVVAVGLTIAAAGFAGRYVLQAMKHMEPQVKQVFQSLPKSAFSGGYYRGGFEPKMTKREAALILGVSPTANKGKIRD
Q8N4H5,MFRIEGLAPKLDPEEMKRKMREDVISSIRNFLIYVALLRVTPFILKKLDSI
Q15388,MVGRNSAIAAGVCGALFIGYCIYFDRKRRSDPNFKNRLRERRKKQKLAKERAGLSKLPDLKDAEAVQKFFLEEIQLGEEL
P60880,MAEDADMRNELEEMQRRADQLADESLESTRRMLQLVEESKDAGIRTLVMLDEQGEQLERIEEGMDQINKDMKEAEKNLTD
P63316,MDDIYKAAVEQLTEEQKNEFKAAFDIFVLGAEDGCISTKELGKVMRMLGQNPTPEELQEMIDEVDEDGSGTVDFDEFLVM
Q9BQJ4,MASAGSGMEEVRVSVLTPLKLVGLVCIFLALCLDLGAVLSPAWVTADHQYYLSLWESCRKPASLDIWHCESTLSSDWQIA
Q96EX1,MWPVFWTVVRTYAPYVTFPVAFVVGAVGYHLEWFIRGKDPQPVEEEKSISERREDRKLDELLGKDHTQVVSLKDKLEFAP
Q11203,MGLLVFVRNLLLALCLFLVLGFLYYSAWKLHLLQWEEDSNSVVLSFDSAGQTLGSEYDRLGFLLNLDSKLPAELATKYAN
Q92187,MRSIRKRWTICTISLLLIFYKTKEIARTEEHQETQLIGDGELSLSRSLVNSSDKIIRKAGSSIFQHNVEGWKINSSLVLE
Q9BPZ2,MKTPNAQEAEGQQTRAAAGRATGSANMTKKKVSQKKQRGRPSSQPRRNIVGCRISHGWKEGDEPITQWKGTVLDQVPINP
P84101,MTRGNQRELARQKNMKKQSDSVKGKRRDDGLSAAARKQRDSEIMQQKQKKANEKKEEPK
Q99717,MTSMASLFSFTSPAVKRLLGWKQGDEEEKWAEKAVDALVKKLKKKKGAMEELEKALSSPGQPSKCVTIPRSLDGRLQVSH
Q7Z3B0,MFDIKAWAEYVVEWAAKDPYGFLTTVILALTPLFLASAVLSWKLAKMIEAREKEQKKKQKRQENIAKAKRLKKD
Q9Y2S6,MSGREGGKKKPLKQPKKQAKEMDEEDKAFKQKQKEEQKKLEELKAKAAGKGPLATGGIKKSGKK
Q92759,MESTPSRGLNRVHLQCRNLQEFLGGLSPGVLDRLYGHPATCLAVFRELPSLAKNWVMRMLFLEQPLPQAAVALWVKKEFS
Q9BWJ5,MTDRYTIHSQLEHLQSKYIGTGHADTTKWEWLVNQHRDSYCSYMGHFDLLNYFAIAENESKARVRFNLMEKMLQPCGPPA
P60903,MPSQMEHAMETMMFTFHKFAGDKGYLTKEDLRVLMEKEFPGFLENQKDPLAVDKIMKDLDQCRDGKVGFQSFFSLIAGLT
Q9H9S3,MGIKFLEVIKPFCAVLPEIQKPERKIQFREKVLWTAITLFIFLVCCQIPLFGIMSSDSADPFYWMRVILASNRGTLMELG
P57086,MAATEPILAATGSPAAVPPEKLEGAGSSSAPERNCVGSSLPEASPPAPEPSSPNAAVPEAIPTPRAAASAALELPLGPAP
Q9Y6D0,MVYISNGQVLDSRSQSPWRLSLITDFFWGIAEFVVLFFKTLLQQDVKKRRSYGNSSDSRYDDGRGPPGNPPRRMGRINHL
Q15393,MFLYNLTLQRATGISFAIHGNFSGTKQQEIVVSRGKILELLRPDPNTGKVHTLLTVEVFGVIRSLMAFRLTGGTKDYIVV
P67812,MLSLDFLDDVRRMNKRQLYYQVLNFGMIVSSALMIWKGLMVITGSESPIVVVLSGSMEPAFHRGDLLFLTNRVEDPIRVG
Q07699,MGRLLALVVGAALVSSACGGCVEVDSETEAVYGMTFKILCISCKRRSETNAETFTEWTFRQKGTEEFVKILRYENEVLQL
Q6ZYL4,MVNVLKGVLIECDPAMKQFLLYLDESNALGKKFIIQDIDDTHVFVIAELVNVLQERVGELMDQNAFSLTQK
P60059,MDQVMQFVEPSRQFVKDSIRLVKRCTKPDRKEFQKIAMATAIGFAIMGFIGFFVKLIHIPINNIIVGG
Q9BY50,MVRAGAVGAHLPASGLDIFGDLKKMNKRQLYYQVLNFAMIVSSALMIWKGLIVLTGSESPIVVVLSGSMEPAFHRGDLLF
Q9Y6X1,MVAKQRIRMANEKHSKNITQRGNVAKTSRNAPEEKASVGPWLLALFIFVVCGSAIFQIIQSIRMGM
Q8N6R1,MVAKQRIRMANEKHSKNITQRGNVAKTLRPQEEKYPVGPWLLALFVFVVCGSAIFQIIQSIRMGM
Q8IZP1,MDVVEVAGSWWAQEREDIIMKYEKGHRAGLPEDKGPKPFRSYNNNVDHLGIVHETELPPLTAREAKQIRREISRKSKWVD
P62380,MDADSDVALDILITNVVCVFRTRCHLNLRKIALEGANVIYKRDVGKVLMKLRKPRITATIWSSGKIICTGATSEEEAKFG
Q86TJ2,MAELGKKYCVYCLAEVSPLRFRCTECQDIELCPECFSAGAEIGHHRRYHGYQLVDGGRFTLWGPEAEGGWTSREEQLLLD
Q9BZL1,MIEVVCNDRLGKKVRVKCNTDDTIGDLKKLIAAQTGTRWNKIVLKKWYTIFKDHVSLGDYEIHDGMNLELYYQ
Q9BVA1,MREIVHIQAGQCGNQIGAKFWEVISDEHGIDPTGSYHGDSDLQLERINVYYNEATGNKYVPRAILVDLEPGTMDSVRSGP
Q8N2H4,MAGQFRSYVWDPLLILSQIVLMQTVYYGSLGLWLALVDGLVRSSPSLDQMFDAEILGFSTPPGRLSMMSFILNALTCALG
P35544,-1
P63272,MALETVPKDLRHLRACLLCSLVKTIDQFEYDGCDNCDAYLQMKGNREMVYDCTSSSFDGIIAMMSPEDSWVSKWQRVSNF
Q96BN2,MATFVSELEAAKKNLSEALGDNVKQYWANLKLWFKQKISKEEFDLEAHRLLTQDNVHSHNDFLLAILTRCQILVSTPDGA
Q15543,MADEEEDPTFEEENEEIGGGAEGGQGKRKRLFSKELRCMMYGFGDDQNPYTESVDILEDLVIEFITEMTHKAMSIGRQGR
Q9HBM6,MESGKMAPPKNAPRDALVMAQILKDMGITEYEPRVINQMLEFAFRYVTTILDDAKIYSSHAKKPNVDADDVRLAIQCRAD
Q9UI15,MANRGPSYGLSREVQEKIEQKYDADLENKLVDWIILQCAEDIEHPPPGRAHFQKWLMDGTVLCKLINSLYPPGQEPIPKI
P0CG35,MSDKPDLSEVEKFDRSKLKKTNTEEKNTLPSKETIQQEKECVQTS
P0DPH7,MRECISIHVGQAGVQIGNACWELYCLEHGIQPDGQMPSDKTIGGGDDSFNTFFSETGAGKHVPRAVFVDLEPTVVDEVRT
Q13885,MREIVHIQAGQCGNQIGAKFWEVISDEHGIDPTGSYHGDSDLQLERINVYYNEAAGNKYVPRAILVDLEPGTMDSVRSGP
P13693,MIIYRDLISHDEMFSDIYKIREIADGLCLEVEGKMVSRTEGNIDDSLIGGNASAEGPEGEGTESTVITGVDIVMNHHLQE
Q71U36,MRECISIHVGQAGVQIGNACWELYCLEHGIQPDGQMPSDKTIGGGDDSFNTFFSETGAGKHVPRAVFVDLEPTVIDEVRT
P68363,MRECISIHVGQAGVQIGNACWELYCLEHGIQPDGQMPSDKTIGGGDDSFNTFFSETGAGKHVPRAVFVDLEPTVIDEVRT
P0DPI4,-1
Q9NVV9,MVQSCSAYGCKNRYDKDKPVSFHKFPLTRPSLCKEWEAAVRRKNFKPTKYSSICSEHFTPDCFKRECNNKLLKENAVPTI
Q9UGI8,MDLENKVKKMGLGHEQGFGAPCLKCKEKCEGFELHFWRKICRNCKCGQEEHDVLLSNEEDRKVGKLFEDTKYTTLIAKLK
P61812,MHYCVLSAFLILHLVTVALSLSTCSTLDMDQFMRKRIEAIRGQILSKLKLTSPPEDYPEPEEVPPEVISIYNSTRDLLQE
Q9Y5J7,MAAQIPESDQIKQFKEFLGTYNKLTETCFLDCVKDFTTREVKPEETTCSEHCLQKYLKMTQRISMRFQEYHIQQNEALAA
Q96A98,METRQVSRSPRVRLLLLLLLLLVVPWGVRTASGVALPPVGVLSLRPPGRAWADPATPRPRRSLALADDAAFRERARLLAA
Q9NS69,MAAAVAAAGAGEPQSPDELLPKGDAEKPEEELEEDDDEELDETLSERLWGLTEMFPERVRSAAGATFDLSLFVAQKMYRF
Q93096,MARMNRPAPVEVTYKNMRFLITHNPTNATLNKFIEELKKYGVTTIVRVCEATYDTTLVEKEGIHVLDWPFDDGAPPSNQI
O14948,MTLDHQIINPTLKWSQPAVPSGGPLVQHAHTTLDSDAGLTENPLTKLLAIGKEDDNAQWHMEDVIEDIIGMESSFKEEGA
P56557,MAGFLDNFRWPECECIDWSERRNAVASVVAGILFFTGWWIMIDAAVVYPKPEQLNHAFHTCGVFSTLAFFMINAVSNAQV
Q9H115,MDNAGKEREAVQLMAEAEKRVKASHSFLRGLFGGNTRIEEACEMYTRAANMFKMAKNWSAAGNAFCQAAKLHMQLQSKHD
Q9H299,MSGLRVYSTSVTGSREIKSQQSEVTRILDGKRIQYQLVDISQDNALRDEMRALAGNPKATPPQIVNGDQYCGDYELFVEA
Q9Y3B4,MAMQAAKRANIRLPPEVNRILYIRNLPYKITAEEMYDIFGKYGPIRQIRVGNTPETRGTAYVVYEDIFDAKNACDHLSGF
Q9Y371,MNIMDFNVKKLAADAGTFLSRAVQFTEEKLGQAEKTELDAHLENLLSKAECTKIWTEKIMKQTEVLLQPNPNARIEEFVY
Q92765,MVCGSPGGMLLLRAGLLALAALCLLRVPGARAAACEPVRIPLCKSLPWNMTKMPNHLHHSTQANAILAIEQFEGLLGTHC
P0DMW5,MAASAALSAAAAAAALSGLAVRLSRSAAARGSYGAFCKGLTRTLLTFFDLAWRLRMNFPYFYIVASVMLNVRLQVRIE
Q9UQ13,MSSSLGKEKDSKEKDPKVPSAKEREKEAKASGGFGKESKEKEPKTKGKDAKDGKKDSSAAQPGVAFSVDNTIKRPNPAPG
Q53FP2,MASPRTVTIVALSVALGLFFVFMGTIKLTPRLSKDAYSEMKRAYKSYVRALPLLKKMGINSILLRKSIGALEVACGIVMT
Q15475,MSMLPSFGFTQEQVACVCEVLQQGGNLERLGRFLWSLPACDHLHKNESVLKAKAVVAFHRGNFRELYKILESHQFSPHNH
Q8N5G0,MSRNLRTALIFGGFISLIGAAFYPIYFRPLMRLEEYKKEQAINRAGIVQEDVQPPGLKVWSDPFGRK
P0DPE8,MEWAKWTPHEASNQTQASTLLGLLLGDHTEGRNDTNSTRALKVPDGTSAAWYILTIIGIYAVIFVFRLASNILRKNDKSL
Q99598,MSNKEGSGGFRKRKHDNFPHNQRREGKDVNSSSPVMLAFKSFQQELDARHDKYERLVKLSRDITVESKRTIFLLHRITSA
P0CW01,MRPEGSLTYRVPERLRQGFCGVGRAAQALVCASAKEGTAFRMEAVQEGAAGVESEQAALGEEAVLLLDDIMAEVEVVAEE
Q9Y5R8,MTVHNLYLFDRNGVCLHYSEWHRKKQAGIPKEEEYKLMYGMLFSIRSFVSKMSPLDMKDGFLAFQTSRYKLHYYETPTGI
P01858,-1
Q8WVJ9,MEEGSSSPVSPVDSLGTSEEELERQPKRFGRKRRYSKKSSEDGSPTPGKRGKKGSPSAQSFEELQSQRILANVRERQRTQ
Q5VWM5,-1
Q9H3S5,MGSTKHWGEWLLNLKVAPAGVFGVAFLARVALVFYGVFQDRTLHVRYTDIDYQVFTDAARFVTEGRSPYLRATYRYTPLL
Q9Y3A3,MVMAEGTAVLRRNRPGTKAQDFYNWPDESFDEMDSTLAVQQYIQQNIRADCSNIDKILEPPEGQDEGVWKYEHLRQFCLE
Q92561,MELLSTPHSIEINNITCDSFRISWAMEDSDLERVTHYFIDLNKKENKNSNKFKHRDVPTKLVAKAVPLPMTVRGHWFLSP
Q15365,MDAGVTESGLNVTLTIRLLMHGKEVGSIIGKKGESVKRIREESGARINISEGNCPERIITLTGPTNAIFKAFAMIIDKLE
Q7RTV0,MAKHHPDLIFCRKQAGVAIGRLCEKCDGKCVICDSYVRPCTLVRICDECNYGSYQGRCVICGGPGVSDAYYCKECTIQEK
Q8IWS0,MSSSVEQKKGPTRQRKCGFCKSNRDKECGQLLISENQKVAAHHKCMLFSSALVSSHSDNESLGGFSIEDVQKEIKRGTKL
P00558,MSLSNKLTLDKLDVKGKRVVMRVDFNVPMKNNQITNNQRIKAAVPSIKFCLDNGAKSVVLMSHLGRPDGVPMPDKYSLEP
Q99623,MAQNLKDLAGRLPAGPRGMGTALKLLLGAGAVAYGVRESVFTVEGGHRAIFFNRIGGVQQDTILAEGLHFRIPWFQYPII
Q99453,MYKMEYSYLNSSAYESCMAGMDTSSLASAYADFSSCSQASGFQYNPIRTTFGATSGCPSLTPGSCSLGTLRDHQSSPYAA
Q9H875,MASPAASSVRPPRPKKEPQTLVIPKNAAEEQKLKLERLMKNPDKAVPIPEKMSEWAPRPPPEFVRDVMGSSAGAGSGEFH
P61586,MAAIRKKLVIVGDGACGKTCLLIVFSKDQFPEVYVPTVFENYVADIEVDGKQVELALWDTAGQEDYDRLRPLSYPDTDVI
P83731,MKVELCSFSGYKIYPGHGRRYARTDGKVFQFLNAKCESAFLSKRNPRQINWTVLYRRKHKKGQSEEIQKKRTRRAVKFQR
Q9NP72,MDEDVLTTLKILIIGESGVGKSSLLLRFTDDTFDPELAATIGVDFKVKTISVDGNKAKLAIWDTAGQERFRTLTPSYYRG
P61573,MNPSEMQRKAPPRRRRHRNRAPLTHKMNKMVTSEEQMKLPSTKKAEPPTWAQLKKLTQLATKYLENTKVTQTPESMLLAA
P63000,MQAIKCVVVGDGAVGKTCLLISYTTNAFPGEYIPTVFDNYSANVMVDGKPVNLGLWDTAGQEDYDRLRPLSYPQTDVFLI
P63244,MTEQMTLRGTLKGHNGWVTQIATTPQFPDMILSASRDKTIIMWKLTRDETNYGIPQRALRGHSHFVSDVVISSDGQFALS
Q9NRW1,MSAGGDFGNPLRKFKLVFLGEQSVGKTSLITRFMYDSFDNTYQATIGIDFLSKTMYLEDRTVRLQLWDTAGQERFRSLIP
P38159,MVEADRPGKLFIGGLNTETNEKALEAVFGKYGRIVEVLLMKDRETNKSRGFAFVTFESPADAKDAARDMNGKSLDGKAIK
Q14206,MPAPSMDCDVSTLVACVVDVEVFTNQEVKEKFEGLFRTYDDCVTFQLFKSFRRVRINFSNPKSAARARIELHETQFRGKK
Q96PU8,MVGEMETKEKPKPTPDYLMQLMNDKKLMSSLPNFCGIFNHLERLLDEEISRVRKDMYNDTLNGSTEKRSAELPDAVGPIV
P61018,MAETYDFLFKFLVIGSAGTGKSCLLHQFIENKFKQDSNHTIGVEFGSRVVNVGGKTVKLQIWDTAGQERFRSVTRSYYRG
Q15907,MGTRDDEYDYLFKVVLIGDSGVGKSNLLSRFTRNEFNLESKSTIGVEFATRSIQVDGKTIKAQIWDTAGQERYRAITSAY
P62826,MAAQGEPQVQFKLVLVGDGGTGKTTFVKRHLTGEFEKKYVATLGVEVHPLVFHTNRGPIKFNVWDTAGQEKFGGLRDGYY
P62834,MREYKLVVLGSGGVGKSALTVQFVQGIFVEKYDPTIEDSYRKQVEVDCQQCMLEILDTAGTEQFTAMRDLYMKNGQGFAL
Q96MG8,MGGAVSAGEDNDDLIDNLKEAQYIRTERVEQAFRAIDRGDYYLEGYRDNAYKDLAWKHGNIHLSAPCIYSEVMEALKLQP
Q9NV79,MGGAVSAGEDNDELIDNLKEAQYIRTELVEQAFRAIDRADYYLEEFKENAYKDLAWKHGNIHLSAPCIYSEVMEALDLQP
Q16718,MAGVLKKTTGLVGLAVCNTPHERLRILYTKILDVLEEIPKNAAYRKYTEQITNEKLAMVKAEPDVKKLEDQLQGGQLEEV
Q9NPG2,MERPEPELIRQSWRAVSRSPLEHGTVLFARLFALEPDLLPLFQYNCRQFSSPEDCLSSPEFLDHIRKVMLVIDAAVTNVE
Q9Y5F7,MLRKVRSWTEIWRWATLLFLFYHLGYVCGQIRYPVPEESQEGTFVGNVAQDFLLDTDSLSARRLQVAGEVNQRHFRVDLD
P62491,MGTRDDEYDYLFKVVLIGDSGVGKSNLLSRFTRNEFNLESKSTIGVEFATRSIQVDGKTIKAQIWDTAGQERYRAITSAY
Q8IZV5,MNIVVEFFVVTFKVLWAFVLAAARWLVRPKEKSVAGQVCLITGAGSGLGRLFALEFARRRALLVLWDINTQSNEETAGMV
Q69383,MNPSEMQRKAPPRRRRHRNRAPLTHKMNKMVTSEEQMKLPSTKKAEPPTWAQLKKLTQLATKYLENTKVTQTPESMLLAA
P61313,MGAYKYIQELWRKKQSDVMRFLLRVRCWQYRQLSALHRAPRPTRPDKARRLGYKAKQGYVIYRIRVRRGGRKRPVPKGAT
P62854,MTKKRRNNGRAKKGRGHVQPIRCTNCARCVPKDKAIKKFVIRNIVEAAAVRDISEASVFDAYVLPKLYVKLHYCVSCAIH
P62979,MQIFVKTLTGKTITLEVEPSDTIENVKAKIQDKEGIPPDQQRLIFAGKQLEDGRTLSDYNIQKESTLHLVLRLRGGAKKR
Q71UM5,MPLARDLLHPSLEEEKKKHKKKRLVQSPNSYFMDVKCPGCYKITTVFSHAQTVVLCVGCSTVLCQPTGGKARLTEGCSFR
P62910,MAALRPLVKPKIVKKRTKKFIRHQSDRYVKIKRNWRKPRGIDNRVRRRFKGQILMPNIGYGSNKKTKHMLPSGFRKFLVH
P01614,MRLPAQLLGLLMLWVPGSSEDIVMTQTPLSLPVTPGEPASISCRSSQSLLDSDDGNTYLDWYLQKPGQSPQLLIYTLSYR
Q9H8M7,MSELTKELMELVWGTKSSPGLSDTIFCRWTQGFVFSESEGSALEQFEGGPCAVIAPVQAFLLKKLLFSSEKSSWRDCSEE
Q9H081,MSVDPMTYEAQFFGFTPQTCMLRIYIAFQDYLFEVMQAVEQVILKKLDGIPDCDISPVQIRKCTEKFLCFMKGHFDNLFS
P04432,MDMRVPAQLLGLLLLWLRGARCDIQMTQSPSSLSASVGDRVTITCRASQSISSYLNWYQQKPGKAPKLLIYAASSLQSGV
P01594,MDMRVPAQLLGLLLLWLSGARCDIQMTQSPSSLSASVGDRVTITCQASQDISNYLNWYQQKPGKAPKLLIYDASNLETGV
P01615,MRLPAQLLGLLMLWVSGSSGDIVMTQSPLSLPVTPGEPASISCRSSQSLLHSNGYNYLDWYLQKPGQSPQLLIYLGSNRA
Q8TBQ9,MSAIFNFQSLLTVILLLICTCAYIRSLAPSLLDRNKTGLLGIFWKCARIGERKSPYVAVCCIVMAFSILFIQ
Q9Y2M5,MEGKPMRRCTNIRPGETGMDVTSRCTLGDPNKLPEGVPQPARMPYISDKHPRQTLEVINLLRKHRELCDVVLVVGAKKIY
Q9NRX6,MTNVYSLDGILVFGLLFVCTCAYFKKVPRLKTWLLSEKKGVWGVFYKAAVIGTRLHAAVAIACVVMAFYVLFIK
Q15843,MLIKVKTLTGKEIEIDIEPTDKVERIKERVEEKEGIPPQQQRLIYSGKQMNDEKTAADYKILGGSVLHLVLALRGGGGLR
Q6P2C8,MADVINVSVNLEAFSQAISAIQALRSSVSRVFDCLKDGMRNKETLEGREKAFIAHFQDNLHSVNRDLNELERLSNLVGKP
Q8NHV5,MDKLTIISGCLFLAADIFAIASIANPDWINTGESAGALTVGLVRQCQTIHGRDRTCIPPRLPPEWVTTLFFIIMGIISLT
Q8N5G2,MKRRNADCSKLRRPLKRNRITEGIYGSTFLYLKFLVVWALVLLADFVLEFRFEYLWPFWLFIRSVYDSFRYQGLAFSVFF
Q6ZW33,-1
Q9NZL9,MVGREKELSIHFVPGSCRLVEEEVNIPNRRVLVTGATGLLGRAVHKEFQQNNWHAVGCGFRRARPKFEQVNLLDSNAVHH
Q5VZF2,MALNVAPVRDTKWLTLEVCRQFQRGTCSRSDEECKFAHPPKSCQVENGRVIACFDSLKGRCSRENCKYLHPPTHLKTQLE
P0CW20,MAFSGRARPCIIPENEEIPRAALNTVHEANGTEDERAVSKLQRRHSDVKVYKEFCDFYAKFNMANALASATCERCKGGFA
Q8TAP4,MLSVQPDTKPKGCAGCNRKIKDRYLLKALDKYWHEDCLKCACCDCRLGEVGSTLYTKANLILCRRDYLRLFGVTGNCAAC
Q8N0V4,MALRRGGCGALGLLLLLLGAACLIPRSAQVRRLARCPATCSCTKESIICVGSSWVPRIVPGDISSLSLVNGTFSEIKDRM
Q96GA3,MPHRKKKPFIEKKKAVSFHLVHRSQRDPLAADESAPQRVLLPTQKIDNEERRAEQRKYGVFFDDDYDYLQHLKEPSGPSE
Q9Y4Z0,MLPLSLLKTAQNHPMLVELKNGETYNGHLVSCDNWMNINLREVICTSRDGDKFWRMPECYIRGSTIKYLRIPDEIIDMVK
Q6IAA8,MGCCYSSENEDSDQDREERKLLLDPSSPPTKALNGAEPNYHSLPSARTDEQALLSSILAKTASNIIDVSAADSQGMEQHE
Q8N3F0,MDFQQLADVAEKWCSNTPFELIATEETERRMDFYADPGVSFYVLCPDNGCGDNFHVWSESEDCLPFLQLAQDYISSCGKK
Q9NUP9,MAALGEPVRLERDICRAIELLEKLQRSGEVPPQKLQALQRVLQSEFCNAVREVYEHVYETVDISSSPEVRANATAKATVA
Q3MHD2,MAAPPGEYFSVGSQVSCRTCQEQRLQGEVVAFDYQSKMLALKCPSSSGKPNHADILLINLQYVSEVEIINDRTETPPPLA
Q9Y2Q5,MLRPKALTQVLSQANTGGVQSTLLLNNEGSLLAYSGYGDTDARVTAAIASNIWAAYDRNGNQAFNEDNLKFILMDCMEGR
Q9ULC4,MFKKFDEKENVSNCIQLKTSVIKGIKNQLIEQFPGIEPWLNQIMPKKDPVKIVRCHEHIEILTVNGELLFFRQREGPFYP
Q9H492,MPSDRPFKQRRSFADRCKEVQQIRDQHPSKIPVIIERYKGEKQLPVLDKTKFLVPDHVNMSELVKIIRRRLQLNPTQAFF
Q9Y333,MLFYSFFKSLVGKDVVVELKNDLSICGTLHSVDQYLNIKLTDISVTDPEKYPHMLSVKNCFIRGSVVRYVQLPADEVDTQ
Q9Y4Y9,MAANATTNPSQLLPLELVDKCIGSRIHIVMKSDKEIVGTLLGFDDFVNMVLEDVTEFEITPEGRRITKLDQILLNGNNIT
Q8NI22,MTMRSLLRTPFLCGLLWAFCAPGARAEEPAASFSQPGSMGLDKNTVHDQEHIMEHLEGVINKPEAEMSPQELQLHYFKMH
Q7L5Y9,MAVQESAAQLSMTLKVQEYPTLKVPYETLNKRFRAAQKNIDRETSHVTMVVAELEKTLSGCPAVDSVVSLLDGVVEKLSV
Q9NX47,MPDQALQQMLDRSCWVCFATDEDDRTAEWVRPCRCRGSTKWVHQACLQRWVDEKQRGNSTARVACPQCNAEYLIVFPKLG
Q13394,MIAAQAKLVYHLNKYYNEKCQARKAAIAKTIREVCKVVSDVLKEVEVQEPRFISSLNEMDNRYEGLEVISPTEFEVVLYL
Q9H488,MGAAAWARPLSVSFLLLLLPLPGMPAGSWDPAGYLLYCPCMGRFGNQADHFLGSLAFAKLLNRTLAVPPWIEYQHHKPPF
Q13126,MASGTTTTAVKIGIIGGTGLDDPEILEGRTEKYVDTPFGKPSDALILGKIKNVDCVLLARHGRQHTIMPSKVNYQANIWA
Q9Y6C9,MADAASQVLLGSGLTILSQPLMYVKVLIQVGYEPLPPTIGRNIFGRQVCQLPGLFSYAQHIASIDGRRGLFTGLTPRLCS
Q86VZ6,MTGIAAASFFSNTCRFGGCGLHFPTLADLIEHIEDNHIDTDPRVLEKQELQQPTYVALSYINRFMTDAARREQESLKKKI
Q9UPP5,-1
P35548,MASPSKGNDLFSPDEEGPAVVAGPGPGPGGAEGAAEERRVKVSSLPFSVEALMSDKKPPKEASPLPAESASAGATLRPLL
Q9BTT4,MAEKFDHLEEHLEKFVENIRQLGIIVSDFQPSSQAGLNQKLNFIVTGLQDIDKCRQQLHDITVPLEVFEYIDQGRNPQLY
Q9UHY1,MSEGESQTVLSSGSDPKVESSSSAPGLTSVSPPVTSTTSAASPEEEEESEDESEILEESPCGRWQKRREEVNQRNVPGID
Q86VP6,MASASYHISNLLEKMTSSDKDFRFMATNDLMTELQKDSIKLDDDSERKVVKMILKLLEDKNGEVQNLAVKCLGPLVSKVK
Q9NS85,MEIVWEVLFLLQANFIVCISAQQNSPKIHEGWWAYKEVVQGSFVPVPSFWGLVNSAWNLCSVGKRQSPVNIETSHMIFDP
P35520,MPSETPQAEVGPTGCPHRSGPHSAKGSLEKGSPEDKEAKEPLWIRPDAPSRCTWQLGRPASESPHHHTAPAKSPKILPDI
Q9Y376,MPFPFGKSHKSPADIVKNLKESMAVLEKQDISDKKAEKATEEVSKNLVAMKEILYGTNEKEPQTEAVAQLAQELYNSGLL
Q9UJX4,MASVHESLYFNPMMTNGVVHANVFGIKDWVTPYKIAVLVLLNEMSRTGEGAVSLMERRRLNQLLLPLLQGPDITLSKLYK
Q7L1Q6,MNNQKQQKPTLSGQRFKTRKRDEKERFDPTQFQDCIIQGLTETGTDLEAVAKFLDASGAKLDYRRYAETLFDILVAGGML
P41223,MPKVKRSRKAPPDGWELIEPTLDELDQKMREAETEPHEGKRKVESLWPIFRIHHQKTRYIFDLFYKRKAISRELYEYCIK
Q96K17,MNQEKLAKLQAQVRIGGKGTARRKKKVVHRTATADDKKLQSSLKKLAVNNIAGIEEVNMIKDDGTVIHFNNPKVQASLSA
Q9NRR8,MSEFWHKLGCCVVEKPQPKKKRRRIDRTMIGEPMNFVHLTHIGSGEMGAGDGLAMTGAVQEQMRSKGNRDRPWSNSRGL
Q86V35,MPFHPVTAALMYRGIYTVPNLLSEQRPVDIPEDELEEIREAFKVFDRDGNGFISKQELGTAMRSLGYMPNEVELEVIIQR
P0DP25,MADQLTEEQIAEFKEAFSLFDKDGDGTITTKELGTVMRSLGQNPTEAELQDMINEVDADGNGTIDFPEFLTMMARKMKDT
Q5PSV4,MPVHSRGDKKETNHHDEMEVDYAENEGSSSEDEDTESSSVSEDGDSSEMDDEDCERRRMECLDEMSNLEKQFTDLKDQLY
B1AJZ1,-1
Q96DE5,MAASSSSSSAGGVSGSSVTGSGFSVSDLAPPRKALFTYPKGAGEMLEDGSERFLCESVFSYQVASTLKQVKHDQQVARME
P62952,MYCLQWLLPVLLIPKPLNPALWFSHSMFMGFYLLSFLLERKPCTICALVFLAALFLICYSCWGNCFLYHCSDSPLPESAH
Q9P021,MVCEKCEKKLGTVITPDTWKDGARNTTESGGRKLNENKALTSKKARFDPYGKNKFSTCRICKSSVHQPGSHYCQGCAYKK
P61769,MSRSVALAVLALLSLSGLEAIQRTPKIQVYSRHPAENGKSNFLNCYVSGFHPSDIEVDLLKNGERIEKVEHSDLSFSKDW
Q9NXR7,MSPEVALNRISPMLSPFISSVVRNGKVGLDATNCLRITDLKSGCTSLTPGPNCDRFKLHIPYAGETLKWDIIFNAQYPEL
P25705,MLSVRVAAAVVRALPRRAGLVSRNALGSSFIAARNFHASNTHLQKTGTAEMSSILEERILGADTSVDLEETGRVLSIGDG
Q9UH73,MFGIQESIQRSGSSMKEEPLGSGMNAVRTWMQGAGVLDANTAAQSGVGLARAHFEKQPPSNLRKSNFFHFVLALYDRQGQ
Q9NZZ3,MNRLFGKAKPKAPPPSLTDCIGTVDSRAESIDKKISRLDAELVKYKDQIKKMREGPAKNMVKQKALRVLKQKRMYEQQRD
Q9P0S2,MFAPAVMRAFRKNKTLGYGVPMLLLIVGGSFGLREFSQIRYDAVKSKMDPELEKKLKENKISLESEYEKIKDSKFDDWKN
Q9Y5Z6,MASKVSCLYVLTVVCWASALWYLSITRPTSSYTGSKPFSHLTVARKNFTFGNIRTRPINPHSFEFLINEPNKCEKNIPFL
Q6PI25,MAFTFAAFCYMLTLVLCASLIFFVIWHIIAFDELRTDFKNPIDQGNPARARERLKNIERICCLLRKLVVPEYSIHGLFCL
Q96FX2,MAVFHDEVEIEDFQYDEDSETYFYPCPCGDNFSITKEDLENGEDVATCPSCSLIIKVIYDKDQFVCGETVPAPSANKELV
Q9C005,MEPEQMLEGQTQVAENPHSEYGLTDNVERIVENEKINAEKSSKQKVDLQSLPTRAYLDQTVVPILLQGLAVLAKERPPNP
P61421,MSFFPELYFNVDNGYLEGLVRGLKAGVLSQADYLNLVQCETLEDLKLHLQSTDYGNFLANEASPLTVSVIDDRLKEKMVV
Q9BV40,MEEASEGGGNDRVRNLQSEVEGVKNIMTQNVERILARGENLEHLRNKTEDLEATSEHFKTTSQKVARKFWWKNVKMIVLI
Q9H6R6,MGTFCSVIKFENLQELKRLCHWGPIIALGVIAICSTMAMIDSVLWYWPLHTTGGSVNFIMLINWTVMILYNYFNAMFVGP
Q96NS1,MPSCDPGPGPACLPTKTFRSYLPRCHRTYSCVHCRAHLAKHDELISKSFQGSHGRAYLFNSVVNVGCGPAEQRLLLTGLH
Q96QA6,MVKMTRSKTFQAYLPSCHRTYSCIHCRAHLANHDELISKSFQGSQGRAYLFNSVVNVGCGPAEERVLLTGLHAVADIYCE
P0DPF7,MSLGLLCCGAFSLLWAGPVNAGVTQTPKFRVLKTGQSMTLLCAQDMNHEYMYWYRQDPGMGLRLIHYSVGEGTTAKGEVP
Q969T4,MSSDRQRSDDESPSTSSGSSDADQRDPAAPEPEEQEERKPSATQQKKNTKLSSKTTAKLSTSAKRIQKELAEITLDPPPN
P0DI82,MSGSFYFVIVGHHDNPVFEMEFLPAGKAESKDDHRHLNQFIAHAALDLVDENMWLSNNMYLKTVDKFNEWFVSAFVTAGH
Q9H1Z4,MAAVWQQVLAVDARYNAYRTPTFPQFRTQYIRRRSQLLRENAKAGHPPALRRQYLRLRGQLLGQRYGPLSEPGSARAYSN
P63313,MADKPDMGEIASFDKAKLKKTETQEKNTLPTKETIEQEKRSEIS
P61086,MANIAVQRIKREFKEVLKSEETSKNQIKVDLVDENFTELRGEIAGPPDTPYEGGRYQLEIKIPETYPFNPPKVRFITKIW
Q712K3,MAQQQMTSSQKALMLELKSLQEEPVEGFRITLVDESDLYNWEVAIFGPPNTLYEGGYFKAHIKFPIDYPYSPPTFRFLTK
Q96B02,MASMQKRLQKELLALQNDPPPGMTLNEKSVQNSITQWIVDMEGAPGTLYEGEKFQLLFKFSSRYPFDSPQVMFTGENIPV
Q969M3,MSGFENLNTDFYQTSYSIDDQSQQSYDYGGSGGPYSKQYAGYDYSQQGRFVPPDMMQPQQPYTGQIYQPTQAYTPASPQP
Q7Z739,MSATSVDQRPKGQGNKVSVQNGSIHQKDAVNDDDFEPYLSSQTNQSNSYPPMSDPYMPSYYAPSIGFPYSLGEAAWSTAG
P61236,MVRISKPKTFQAYLDDCHRRYSCAHCRAHLANHDDLISKSFQGSQGRAYLFNSVVNVGCGPAEERVLLTGLHAVADIHCE
Q9NQZ6,MADEQEIMCKLESIKEIRNKTLQMEKIKARLKAEFEALESEERHLKEYKQEMDLLLQEKMAHVEELRLIHADINVMENTI
Q9Y5V0,MARGQQKIQSQQKNAKKQAGQKKKQGHDQKAAAKAALIYTCTVCRTQMPDPKTFKQHFESKHPKTPLPPELADVQA
Q9Y5A6,MMTKVLGMAPVLGPRPPQEQVGPLMVKVEEKEEKGKYLPSLEMFRQRFRQFGYHDTPGPREALSQLRVLCCEWLRPEIHT
P61081,MIKLFSLKQQKKEEESAGGTKGSSKKASAAQLRIQKDINELNLPKTCDISFSDPDDLLNFKLVICPDEGFYKSGKFVFSF
Q9P0L0,MASASGAMAKHEQILVLDPPTDLKFKGPFTDVVTTNLKLRNPSDRKVCFKVKTTAPRRYCVRPNSGIIDPGSTVTVSVML
Q9Y3S2,MPKKKTGARKKAENRREREKQLRASRSTIDLAKHPCNASMECDKCQRRQKNRAFCYFCNSVQKLPICAQCGKTKCMMKSS
P30491,-1
P30499,-1
P61163,MESYDVIANQPVVIDNGSGVIKAGFAGDQIPKYCFPNYVGRPKHVRVMAGALEGDIFIGPKAEEHRGLLSIRYPMEHGIV
P63261,MEEEIAALVIDNGSGMCKAGFAGDDAPRAVFPSIVGRPRHQGVMVGMGQKDSYVGDEAQSKRGILTLKYPIEHGIVTNWD
P10316,-1
Q29718,-1
Q9NYG5,MKVKIKCWNGVATWLWVANDENCGICRMAFNGCCPDCKVPGDDCPLVWGQCSHCFHMHCILKWLHAQQVQQHCPMCRQEW
P02647,MKAAVLTLAVLFLTGSQARHFWQQDEPPQSPWDRVKDLATVYVDVLKDSGRDYVSQFEGSALGKQLNLKLLDNWDSVTST
Q9BXS5,MSASAVYVLDLKGKVLICRNYRGDVDMSEVEHFMPILMEKEEEGMLSPILAHGGVRFMWIKHNNLYLVATSKKNACVSLV
Q86W74,MSYVFVNDSSQTNVPLLQACIDGDFNYSKRLLESGFDPNIRDSRGRTGLHLAAARGNVDICQLLHKFGADLLATDYQGNT
Q6DCA0,MGKRRCVPPLEPKLAAGCCGVKKPKLSGSGTHSHGNQSTTVPGSSSGPLQNHQHVDSSSGRENVSDLTLGPGNSPITRMN
Q9BS18,MDSEVQRDGRILDLIDDAWREDKLPYEDVAIPLNELPEPEQDNGGTTESVKEQEMKWTDLALQYLHENVPPIGN
Q92481,MHSPPRDQAAIMLWKLVENVKYEDIYEDRHDGVPSHSSRLSQLGSVSQGPYSSAPPLSHTPSSDFQPPYFPPPYQPLPYH
Q92572,MIKAILIFNNHGKPRLSKFYQPYSEDTQQQIIRETFHLVSKRDENVCNFLEGGLLIGGSDNKLIYRHYATLYFVFCVDSS
P30459,-1
Q31610,-1
Q29960,-1
P30450,-1
Q16537,MSSAPTTPPSVDKVDGFSRKSVRKARQKRSQSSSQFRSQGKPIELTPLPLLKDVPSSEQPELFLKKLQQCCVIFDFMDTL
P05534,-1
P30461,-1
P03989,-1
P30483,-1
P30485,-1
P31946,MTMDKSELVQKAKLAEQAERYDDMAAAMKAVTEQGHELSNEERNLLSVAYKNVVGARRSSWRVISSIEQKTERNEKKQQM
Q95365,-1
P01891,-1
Q29836,-1
Q95604,-1
Q9TQE0,-1
P30685,-1
P13760,-1
P13746,-1
P18463,-1
Q29974,-1
Q09160,-1
Q29963,-1
P63104,MDKNELVQKAKLAEQAERYDDMAACMKSVTEQGAELSNEERNLLSVAYKNVVGARRSSWRVVSSIEQKTEGAEKKQQMAR
P30456,-1
P30481,-1
P30486,-1
Q31612,-1
P30498,-1
P30504,-1
P30453,-1
P30475,-1
P18464,-1
P30490,-1
P30501,-1
P01912,-1
P30508,-1
Q07000,-1
P30462,-1
P01892,-1
P04222,-1
Q95IE3,-1
Q5Y7A7,-1
P63151,MAGAGGGNDIQWCFSQVKGAVDDDVAEADIISTVEFNHSGELLATGDKGGRVVIFQQEQENKIQSHSRGEYNVYSTFQSH
P30457,-1
Q9NPJ3,MTSMTQSLREVIKAMTKARNFERVLGKITLVSAAPGKVICEMKVEEEHTNAIGTLHGGLTATLVDNISTMALLCTERGAP
Q9UL18,MEAGPSGAAAGAYLPPLQQVFQAPRRPGIGTVGKPIKLLANYFEVDIPKIDVYHYEVDIKPDKCPRRVNREVVEYMVQHF
P60709,MDDDIAALVVDNGSGMCKAGFAGDDAPRAVFPSIVGRPRHQGVMVGMGQKDSYVGDEAQSKRGILTLKYPIEHGIVTNWD
Q9H8T0,MNPFWSMSTSSVRKRSEGEEKTLTGDVKTSPPRTAPKKQLPSIPKNALPITKPTSPAPAAQSTNGTHASYGPFYLEYSLL
P04745,-1
Q9Y2T2,MIHSLFLINCSGDIFLEKHWKSVVSQSVCDYFFEAQEKAADVENVPPVISTPHHYLISIYRDKLFFVSVIQTEVPPLFVI
P63010,MTDSKYFTTNKKGEIFELKAELNNEKKEKRKEAVKKVIAAMTVGKDVSSLFPDVVNCMQTDNLELKKLVYLYLMNYAKSQ
Q96CW1,MIGGLFIYNHKGEVLISRVYRDDIGRNAVDAFRVNVIHARQQVRSPVTNIARTSFFHVKRSNIWLAAVTKQNVNAAMVFE
Q96BJ3,MSEVTRSLLQRWGASFRRGADFDSWGQLVEAIDEYQILARHLQKEAQAQHNNSEFTEEQKKTIGKIATCLELRSAALQST
Q30134,-1
P30460,-1
P30487,-1
P30447,-1
P20039,-1
P30492,-1
P18465,-1
Q29940,-1
P10314,-1
P16190,-1
P10319,-1
P30505,-1
Q29865,-1
P30512,-1
P16188,-1
P30479,-1
P30495,-1
P04229,-1
P30510,-1
P30455,-1
Q9GIY3,-1
Q04826,-1
P30480,-1
Q9TNN7,-1
P30466,-1
P30464,-1
P30493,-1
P30443,-1
P13761,-1
Q30167,-1
P18462,-1
P16189,-1
P30484,-1
P30488,-1
Q9HD42,MDDTLFQLKFTAKQLEKLAKKAEKDSKAEQAKVKKALLQKNVECARVYAENAIRKKNEGVNWLRMASRVDAVASKVQTAV
Q9UQN3,MASLFKKKTVDDVIKEQNRELRGTQRAIIRDRAALEKQEKQLELEIKKMAKIGNKEACKVLAKQLVHLRKQKTRTFAVSS
P61266,MKDRTQELRSAKDSDDEEEVVHVDRDHFMDEFFEQVEEIRGCIEKLSEDVEQVKKQHSAILAAPNPDEKTKQELEDLTAD
Q9Y296,MAIFSVYVVNKAGGLIYQLDSYAPRAEAEKTFSYPLDLLLKLHDERVLVAFGQRDGIRVGHAVLAINGMDVNGRYTADGK
P63165,MSDQEAKPSTEDLGDKKEGEYIKLKVIGQDSSEIHFKVKMTTHLKKLKESYCQRQGVPMNSLRFLFEGQRIADNHTPKEL
E5RIL1,MDNSWRLGPAIGLSAGQSQLLVSLLLLLTRVQPGTDVAAPEHISYVPQLSNDTLAGRLTLSTFTLEQPLGQFSSHNISDL
Q8TAS1,MAGSGCAWGAEPPRFLEAFGRLWQVQSRLGSGSSASVYRVRCCGNPGSPPGALKQFLPPGTTGAAASAAEYGFRKERAAL
Q99576,MNTEMYQTPMEVAVYQLHNFSISFFSSLLGGDVVSVKLDNSASGASVVAIDNKIEQAMDLVKNHLMYAVREEVEILKEQI
Q9Y675,MERARDRLHLRRTTEQHVPEVEVQVKRRRTASLSNQECQLYPRRSQQQQVPVVDFQAELRQAFLAETPRGG
P16949,MASSDIQVKELEKRASGQAFELILSPRSKESVPEFPLSPPKKKDLSLEEIQKKLEAAEERRKSHEAEVLKQLAEKREHEK
Q9Y4X1,-1
P0DPH8,MRECISIHVGQAGVQIGNACWELYCLEHGIQPDGQMPSDKTIGGGDDSFNTFFSETGAGKHVPRAVFVDLEPTVVDEVRT
Q15185,MQPASAKWYDRRDYVFIEFCVEDSKDVNVNFEKSKLTFSCLGGSDNFKHLNEIDLFHCIDPNDSKHKRTDRSILCCLRKG
Q6I9Y2,MGAVTDDEVIRKRLLIDGDGAGDDRRINLLVKSFIKWCNSGSQEEGYSQYQRMLSTLSQCEFSMGKTLLVYDMNLREMEN
Q8N5K1,MVLESVARIVKVQLPAYLKRLPVPESITGFARLTVSEWLRLLPFLGVLALLGYLAVRPFLPKKKQQKDSLINLKIQKENP
Q9NY35,MDNRFATAFVIACVLSLISTIYMAASIGTDFWYEYRSPVQENSSDLNKSIWDEFISDEADEKTYNDALFRYNGTVGLWRR
P51790,MESEQLFHRGYYRNSYNSITSASSDEELLDGAGVIMDFQTSEDDNLLDGDTAVGTHYTMTNGGSINSSTHLLDLLDEPIP
Q9UII2,MAVTALAARTWLGVWGVRTMQARGFGSDQSENVDRGAGSIREAGGAFGKREQAEEERYFRAQSREQLAALKKHHEEEIVH
Q92989,MGEEANDDKKPTTKFELERETELRFEVEASQSVQLELLTGMAEIFGTELTRNKKFTFDAGAKVAVFTWHGCSVQLSGRTE
Q8WXF7,MAKNRRDRNSWGGFSEKTYEWSSEEEEPVKKAGPVQVLIVKDDHSFELDETALNRILLSEAVRDKEVVAVSVAGAFRKGK
P84085,MGLTVSALFSRIFGKKQMRILMVGLDAAGKTTILYKLKLGEIVTTIPTIGFNVETVEYKNICFTVWDVGGQDKIRPLWRH
Q9Y294,MAKVQVNNVVVLDNPSPFYNPFQFEITFECIEDLSEDLEWKIIYVGSAESEEYDQVLDSVLVGPVPAGRHMFVFQADAPN
Q96S95,MSEILPYSEDKMGRFGADPEGSDLSFSCRLQDTNSFFAGNQAKRPPKLGQIGRAKRVVIEDDRIDDVLKGMGEKPPSGV
Q32Q52,-1
Q9Y284,MSTNNMSDPRRPNKVLRYKPPPSECNPALDDPTPDYMNLLGMIFSMCGLMLKLKWCAWVAVYCSFISFANSRSSEDTKQM
P61158,MAGRLPACVVDCGTGYTKLGYAGNTEPQFIIPSCIAIKESAKVGDQAQRRVMKGVDDLDFFIGDEAIEKPTYATKWPIRH
O43681,MAAGVAGWGVEAEEFEDAPDVEPLEPTLSNIIEQRSLKWIFVGGKGGVGKTTCSCSLAVQLSKGRESVLIISTDPAHNIS
Q5VZT2,-1
P61160,MDSQGRKVVVCDNGTGFVKCGYAGSNFPEHIFPALVGRPIIRSTTKVGNIEIKDLMVGDEASELRSMLEVNYPMENGIVR
Q9NVJ2,MLALISRLLDWFRSLFWKEEMELTLVGLQYSGKTTFVNVIASGQFSEDMIPTVGFNMRKVTKGNVTIKIWDIGGQPRFRS
Q8WUH1,MCGDCVEKEYPNRGNTCLENGSFLLNFTGCAVCSKRDFMLITNKSLKEEDGEEIVTYDHLCKNCHHVIARHEYTFSIMDE
Q9BPX5,MARNTLSSRFRRVDIDEFDENKFVDEQEEAAAAAAEPGPDPSEVDGLLRQGDMLRAFHAALRNSPVNTKNQAVKERAQGV
P63092,MGCLGNSKTEDQRNEEKAQREANKKIEKQLQKDKQVYRATHRLLLLGAGESGKSTIVKQMRILHVNGFNGEGGEEDPQAA
Q9NZN1,MKAPIPHLILLYATFTQSLKVVTKRGSADGCTDWSIDIKKYQVLVGEPVRIKCALFYGYIRTNYSLAQSAGLSLMWYKSS
P68104,MGKEKTHINIVVIGHVDSGKSTTTGHLIYKCGGIDKRTIEKFEKEAAEMGKGSFKYAWVLDKLKAERERGITIDISLWKF
Q7L7L0,MSGRGKQGGKARAKAKSRSSRAGLQFPVGRVHRLLRKGNYSERVGAGAPVYLAAVLEYLTAEILELAGNAARDNKKTRII
P04908,MSGRGKQGGKARAKAKTRSSRAGLQFPVGRVHRLLRKGNYSERVGAGAPVYLAAVLEYLTAEILELAGNAARDNKKTRII
Q6FI13,MSGRGKQGGKARAKAKSRSSRAGLQFPVGRVHRLLRKGNYAERVGAGAPVYMAAVLEYLTAEILELAGNAARDNKKTRII
Q13065,-1
P0CG08,MSFLIDSSIMITSQILFFGFGWLFFMRQLFKDYEIRQYVVQVIFSVTFAFSCTMFELIIFEILGVLNSSSRYFHWKMNLC
Q9BUE6,MSASLVRATVRAVSKRKLQPTRAALTLTPSAVNKIKQLLKDKPEHVGVKVGVRTRGCNGLSYTLEYTKTKGDSDEEVIQD
Q8WW33,MEETYTDSLDPEKLLQCPYDKNHQIRACRFPYHLIKCRKNHPDVASKLATCPFNARHQVPRAEISHHISSCDDRSCIEQD
Q71UI9,MAGGKAGKDSGKAKAKAVSRSQRAGLQFPVGRIHRHLKTRTTSHGRVGATAAVYSAAILEYLTAEVLELAGNASKDLKVK
Q93077,MSGRGKQGGKARAKAKSRSSRAGLQFPVGRVHRLLRKGNYAERVGAGAPVYLAAVLEYLTAEILELAGNAARDNKKTRII
Q16777,MSGRGKQGGKARAKAKSRSSRAGLQFPVGRVHRLLRKGNYAERVGAGAPVYMAAVLEYLTAEILELAGNAARDNKKTRII
Q9BTM1,MSGRGKQGGKVRAKAKSRSSRAGLQFPVGRVHRLLRKGNYAERVGAGAPVYLAAVLEYLTAEILELAGNAARDNKKTRII
P84243,MARTKQTARKSTGGKAPRKQLATKAARKSAPSTGGVKKPHRYRPGTVALREIRRYQKSTELLIRKLPFQRLVREIAQDFK
P63096,MGCTLSAEDKAAVERSKMIDRNLREDGEKAAREVKLLLLGAGESGKSTIVKQMKIIHEAGYSEEECKQYKAVVYSNTIQS
Q7Z5G4,MRPQQAPVSGKVFIQRDYSSGTRCQFQTKFPAELENRIDRQQFEETVRTLNNLYAEAEKLGGQSYLEGCLACLTAYTIFL
Q9Y3E0,MISLTDTQKIGMGLTGFGVFFLFFGMILFFDKALLAIGNVLFVAGLAFVIGLERTFRFFFQKHKMKATGFFLGGVFVVLI
Q9HC44,MAQHDFVPAWLNFSTPQSAKSPTATFEKHGEHLPRGEGRFGVSRRRHNSSDGFFNNGPLRTAGDSWHQPSLFRHDSVDSG
Q96EK6,MKPDETPMFDPSLLKEVDWSQNTATFSPAISPTHPGEGLVLRPLCTADLNRGFFKVLGQLTETGVVSPEQFMKSFEHMKK
Q9UN86,MVMEKPSPLLVGREFVRQYYTLLNKAPEYLHRFYGRNSSYVHGGVDASGKPQEAVYGQNDIHHKVLSLNFSECHTKIRHV
Q13068,-1
Q9UBI6,MSSKTASTNNIAQARRTVQQLRLEASIERIKVSKASADLMSYCEEHARSDPLLIGIPTSENPFKDKKTCIIL
P63215,MKGETPVNSTMSIGQARKMVEQLKIEASLCRIKVSKAAADLMTYCDAHACEDPLITPVPTSENPFREKKFFCALL
P63218,MSGSSSVAAMKKVVQQLRLEAGLNRVKVSQAAADLKQFCLQNAQHDPLLTGVSSSTNPFRPQKVCSFL
Q96DU9,MGSGEPNPAGKKKKYLKAALYVGDLDPDVTEDMLYKKFRPAGPLRFTRICRDPVTRSPLGYGYVNFRFPADAEWALNTMN
Q5XKR4,MLSHADLLDARLGMKDAAELLGHREAVKCRLGVGGSDPGGHPGDLAPNSDPVEGATLLPGEDITTVGSTPASLAVSAKDP
P0DN26,MVNSVVFFEITRDGKPLGRISIKLFADKIPKTAENFRALSTGEKGFRYKGSCFHRIIPGFMCQGGDFTRPNGTGDKSIYG
P0DN77,MAQQWSLQRLAGRHPQDSYEDSTQSSIFTYTNSNSTRGPFEGPNYHIAPRWVYHLTSVWMIFVVIASVFTNGLVLAATMK
P0DN78,MAQQWSLQRLAGRHPQDSYEDSTQSSIFTYTNSNSTRGPFEGPNYHIAPRWVYHLTSVWMIFVVIASVFTNGLVLAATMK
P60484,MTAIIKEIVSRNKRRYQEDGFDLDLTYIYPNIIAMGFPAERLEGVYRNNIDDVVRFLDSKHKNHYKIYNLCAERHYDTAK
P0DMB1,MYGYRRLRSPRDSQTEPQNDNEGETSLATTQMNPPKRRQVEQGPSTGAKKPSISGAPHLNSYQSLELPQNQQDSGTEELM
P68402,MSQGDSNPAAIPHAAEDIQGDDRWMSQHNRFVLDCKDKEPDVLFVGDSMVQLMQQYEIWRELFSPLHALNFGIGGDTTRH
P0DM63,MFCCLGYEWLSGGCTTWHSAWVINTLADHRHRGTDFGGSPWLLIITVFLRSYKFAISLCTSYLCVSFLKTIFPSQNGHDG
P62140,MADGELNVDSLITRLLEVRGCRPGKIVQMTEAEVRGLCIKSREIFLSQPILLELEAPLKICGDIHGQYTDLLRLFEYGGF
P67775,MDEKVFTKELDQWIEQLNECKQLSESQVKSLCEKAKEILTKESNVQEVRCPVTVCGDVHGQFHDLMELFRIGGKSPDTNY
P60510,MAEISDLDRQIEQLRRCELIKESEVKALCAKAREILVEESNVQRVDSPVTVCGDIHGQFYDLKELFRVGGDVPETNYLFM
Q9NPE3,MFLQYYLNEQGDRVYTLKKFDPMGQQTCSAHPARFSPDDKYSRHRITIKKRFKVLMTQQPRPVL
Q9Y3C6,MAAIPPDSWQPPNVYLETSMGIIVLELYWKHAPKTCKNFAELARRGYYNGTKFHRIIKDFMIQGGDPTGTGRGGASIYGK
Q9Y221,MRPLTEEETRVMFEKIAKYIGENLQLLVDRPDGTYCFRLHNDRVYYVSEKIMKLAANISGDKLVSLGTCFGKFTKTHKFR
H3BUK9,MVAEVCSMPAASAVKKPFDLRSKMGKWCHHRFPCCRGSGTSNVGTSGDHDDSFMKTLRSKMGKWCCHCFPCCRGSGKSNV
Q9UNZ2,MAAERQEALREFVAVTGAEEDRARFFLESAGWDLQIALASFYEDGGDEDIVTISQATPSSVSRGTAPSDNRVTSFRDLIH
Q8N9A8,MNSLEQAEDLKAFERRLTEYIHCLQPATGRWRMLLIVVSVCTATGAWNWLIDPETQKVSFFTSLWNHPFFTISCITLIGL
P50391,MNTSHLLALLLPKSPQGENRSKPLGTPYNFSEHCQDSVDVMVFIVTSYSIETVVGVLGNLCLMCVTVRQKEKANVTNLLI
Q9NZJ9,MMKFKPNQTRTYDREGFKKRAACLCFRSEQEDEVLLVSSSRYPDQWIVPGGGMEPEEEPGGAAVREVYEEAGVKGKLGRL
Q9Y244,MNARGLGSELKDSIPVTELSASGPFESHDLLRKGFSCVKNELLPSHPLELSEKNFQLNQDKMNFSTLRNIQGLFAPLKLQ
Q9UQM7,MATITCTRFTEEYQLFEELGKGAFSVVRRCVKVLAGQEYAAKIINTKKLSARDHQKLEREARICRLLKHPNIVRLHDSIS
Q6PIU1,MPSSGRALLDSPLDSGSLTSLDSSVFCSEGEGEPLALGDCFTVNVGGSRFVLSQQALSCFPHTRLGKLAVVVASYRRPGA
Q14240,MSGGSADYNREHGGPEGMDPDGVIESNWNEIVDNFDDMNLKESLLRGIYAYGFEKPSAIQQRAIIPCIKGYDVIAQAQSG
Q9Y316,MSNRVVCREASHAGSWYTASGPQLNAQLEGWLSQVQSTKRPARAIIAPHAGYTYCGSCAAHAYKQVDPSITRRIFILGPS
Q8NDC0,MSDEFSLADALPEHSPAKTSAVSNTKPGQPPQGWPGSNPWNNPSAPSSVPSGLPPSATPSTVPFGPAPTGMYPSVPPTGP
Q9BYR9,MTGSCCGSTLSSLSYGGGCCQPCCCRDPCCCRPVTCQTTVCRPVTCVPRCTRPICEPCRRPVCCDPCSLQEGCCRPITCC
P0DP09,MDMRVPAQLLGLLLLWLPGARCAIQLTQSPSSLSASVGDRVTITCRASQGISSALAWYQQKPGKAPKLLIYDASSLESGV
Q9NX70,MAASQQQASAASSAAGVSGPSSAGGPGPQQQPQPPAQLVGPAQSGLLQQQQQDFDPVQRYKMLIPQLKESLQTLMKVAAQ
Q96HT8,MRPLDIDEVEAPEEVEVLEPEEDFEQFLLPVINEMREDIASLIREHGRAYLRTRSKLWEMDNMLIQIKTQVEASEESALN
Q9H8S9,MSFLFSSRSSKTFKPKKNIPEGSHQYELLKHAEATLGSGNLRQAVMLPEGEDLNEWIAVNTVDFFNQINMLYGTITEFCT
Q8NDC4,MTLTKGSFTYSSGEEYRGEWKEGRRHGFGQLMFADGGTYLGHFENGLFNGFGVLTFSDGSRYEGEFAQGKFNGVGVFIRY
P69208,QPPGGSKVILF
Q99705,MSVGAMKKGVGRAVGLGGGSGCQATEEDPLPNCGACAPGQGGRRWRLPQPAWVEGSSARLWEQATGTGWMDLEASLLPTG
Q9NQG6,MAGAGERKGKKDDNGIGTAIDFVLSNARLVLGVGGAAMLGIATLAVKRMYDRAISAPTSPTRLSHSGKRSWEEPNWMGSP
Q9Y483,MRDSTGAGNSLVHKRSPLRRNQKTPTSLTKLSLQDGHKAKKPACKFEEGQDVLARWSDGLFYLGTIKKINILKQSCFIIF
Q9P0S3,MNVGVAHSEVNPNTRVMNSRGMWLTYALGVGLLHIVLLSIPFFSVPVAWTLTNIIHNLGMYVFLHAVKGTPFETPDQGKA
Q8N8Q9,MSQGRGKYDFYIGLGLAMSSSIFIGGSFILKKKGLLRLARKGSMRAGQGGHAYLKEWLWWAGLLSMGAGEVANFAAYAFA
Q96NK8,MLTLPFDESVVMPESQMCRKFSRECEDQKQIKKPESFSKQIVLRGKSIKRAPGEETEKEEEEEDREEEDENGLPRRRGLR
Q99519,MTGERPSTALPDRRWGPRILGFWGGCRVWVFAAIFLLLSLAASWSKAENDFGLVQPLVTMEQLLWVSGRQIGSVDTFRIP
Q86Y39,MAPKVFRQYWDIPDGTDCHRKAYSTTSIASVAGLTAAAYRVTLNPPGTFLEGVAKVGQYTFTAAAVGAVFGLTTCISAHV
Q5VZE5,MVMKASVDDDDSGWELSMPEKMEKSNTNWVDITQDFEEACRELKLGELLHDKLFGLFEAMSAIEMMDPKMDAGMIGNQVN
Q9UI09,MELVQVLKRGLQQITGHGGLRGYLRVFFRTNDAKVGTLVGEDKYGNKYYEDNKQFFGRHRWVVYTTEMNGKNTFWDVDGS
Q9GZZ1,MKGSRIELGDVTPHNIKQLKRLNQVIFPVSYNDKFYKDVLEVGELAKLAYFNDIAVGAVCCRVDHSQNQKRLYIMTLGCL
Q15014,MSSRKQGSQPRGQQSAEEENFKKPTRSNMQRSKMRGASSGKKTAGPQQKNLEPALPGRWGGRSAENPPSGSVRKTRKNKQ
